-- Projet: Projet Database SQL Server Fairphone MA08
-- File: Script for insert more than 1000 records into the Fairphone database.
-- Authors: Samuel Roland and Gatien Jayme
-- Date: janvier 2020
-- Source MCD: MCD Fairphone.pdf
-- Source MLD: MLD Fairphone.pdf

-- insert some generated data into all tables of Fairphone database. The order is very important, because foreign key can't references a key (primary key or other field) that doesn't exist.

-- insert 100 customers
INSERT INTO customers([id],[number],[firstname],[lastname],[birthdate],[street],[npa],[city],[country],[registration],[iban]) VALUES(1,1,'Melanie','Baldwin','1940-12-31','Ap #950-4995 Amet Street',4613,'37725-76433','San Marino','2014-03-02','16890814 8763'),(2,2,'Samson','Coleman','1974-03-27','626-8980 Molestie St.',3018,'6379','Uganda','2013-12-03','16060423 3965'),(3,3,'Rahim','Singleton','1910-03-09','P.O. Box 733, 666 Luctus Rd.',1819,'18260','Lebanon','2011-11-24','16161201 1146'),(4,4,'Scott','Odonnell','1906-05-27','7673 Nisi Av.',9186,'786828','Uzbekistan','2017-07-16','16480605 4161'),(5,5,'Philip','Mccullough','1974-10-06','1116 Nisl. St.',2720,'25293','United Kingdom (Great Britain)','2014-03-26','16280427 6869'),(6,6,'Kevyn','Ferrell','2011-07-13','3126 Elementum, Road',6835,'389912','Curaçao','2018-02-19','16420713 5841'),(7,7,'Aaron','Page','1996-06-10','P.O. Box 200, 7144 Metus. St.',7498,'91548','Turkmenistan','2016-01-14','16180509 6474'),(8,8,'Signe','Fulton','1943-01-10','6444 Odio St.',2368,'6716','Dominican Republic','2019-02-28','16100417 9048'),(9,9,'Allen','Chandler','2012-05-22','347-6556 Ligula. Avenue',7637,'73685','Western Sahara','2014-12-17','16250928 8714'),(10,10,'Carter','Sosa','1931-10-31','Ap #814-9742 Sapien, Av.',5673,'10008','French Southern Territories','2013-04-17','16000104 5210');
INSERT INTO customers([id],[number],[firstname],[lastname],[birthdate],[street],[npa],[city],[country],[registration],[iban]) VALUES(11,11,'Karina','Strickland','1948-09-21','276-7112 Et, Rd.',6978,'R8N 0J3','Venezuela','2018-02-21','16410219 0933'),(12,12,'Wayne','Mcdaniel','1945-01-01','Ap #316-5965 Laoreet Rd.',5452,'256668','Virgin Islands, United States','2015-09-24','16521109 3413'),(13,13,'Thane','Morin','2004-09-30','Ap #728-2690 Nisi. Street',4319,'DE8J 7PA','Somalia','2017-01-07','16201021 2062'),(14,14,'April','Nash','1960-10-01','796-2123 Luctus Rd.',6666,'95333','Saint Pierre and Miquelon','2010-10-11','16961113 4850'),(15,15,'Brian','Hodge','1966-02-14','Ap #610-4676 Auctor, Road',6986,'09337','Anguilla','2018-06-11','16710415 8550'),(16,16,'Ray','Baird','1953-06-15','4645 Non St.',8571,'18748','Gambia','2013-04-10','16140107 7332'),(17,17,'Ginger','Hanson','1903-01-17','992 Lobortis Road',9415,'77475','China','2019-08-24','16681222 0256'),(18,18,'Leroy','Holman','1987-08-05','Ap #641-2864 Nam St.',5884,'829254','Seychelles','2012-09-28','16410426 4215'),(19,19,'Erica','Palmer','1976-12-07','2973 Posuere Rd.',9696,'738197','Sri Lanka','2011-02-03','16780623 5284'),(20,20,'Addison','Bowers','1901-05-23','P.O. Box 373, 1849 Nunc Rd.',3327,'700953','Antigua and Barbuda','2012-12-05','16350826 2593');
INSERT INTO customers([id],[number],[firstname],[lastname],[birthdate],[street],[npa],[city],[country],[registration],[iban]) VALUES(21,21,'Ferdinand','Avery','1958-05-26','Ap #425-9231 Ut Rd.',7446,'6556','Chile','2018-10-29','16360820 0089'),(22,22,'Moses','Stein','2014-11-05','5149 At St.',6647,'779458','Solomon Islands','2011-03-19','16110428 0738'),(23,23,'Lee','Golden','1962-03-01','5281 Adipiscing Av.',5487,'175331','Cocos (Keeling) Islands','2012-07-29','16150102 4838'),(24,24,'Ronan','Hoffman','1902-09-10','Ap #832-3716 Fringilla Av.',9142,'98169','Paraguay','2013-12-09','16780725 9424'),(25,25,'Maggie','Cantrell','1995-04-17','P.O. Box 452, 1357 Vel, St.',3438,'491058','Tanzania','2011-10-28','16281121 7542'),(26,26,'Zephr','Craft','1934-03-01','113-3803 Tincidunt Rd.',6241,'56960-657','Kenya','2018-01-27','16800327 4050'),(27,27,'Grant','Glover','1931-02-28','P.O. Box 392, 5529 A, St.',2358,'88062','Saint Barthélemy','2016-01-07','16710219 7998'),(28,28,'Gage','Ochoa','1930-07-07','P.O. Box 843, 4557 Cursus St.',2547,'05817','Honduras','2014-10-08','16991226 2095'),(29,29,'Wendy','Baker','1949-03-06','P.O. Box 265, 6274 Eu St.',8388,'20417','Somalia','2011-05-15','16370425 1150'),(30,30,'Barry','Jensen','1968-10-12','P.O. Box 246, 5215 Tincidunt St.',8934,'37659','Ghana','2013-01-29','16641016 6935');
INSERT INTO customers([id],[number],[firstname],[lastname],[birthdate],[street],[npa],[city],[country],[registration],[iban]) VALUES(31,31,'Alec','Martin','1911-07-10','P.O. Box 754, 6645 Molestie Ave',8546,'71718','Bahamas','2014-05-30','16220413 7703'),(32,32,'Holly','Gomez','2014-06-30','102-1903 Mollis St.',7731,'H7K 4K3','Turkmenistan','2013-09-30','16521219 2537'),(33,33,'Lani','Rowland','1963-06-09','Ap #871-737 Vitae Avenue',5299,'334194','Guinea','2011-09-09','16690619 3765'),(34,34,'Bertha','Grant','1945-01-25','898-6899 Semper St.',7869,'23364','Norway','2017-05-23','16360619 8103'),(35,35,'Selma','Norris','1915-02-08','4087 Maecenas Street',7787,'6872','Cocos (Keeling) Islands','2017-06-12','16211026 9194'),(36,36,'Clementine','Patton','1901-01-25','957-9388 Tincidunt Ave',1133,'07028','Georgia','2011-12-08','16410916 9898'),(37,37,'Desirae','Chan','1955-07-23','P.O. Box 660, 2393 Mollis St.',1419,'794635','Solomon Islands','2015-03-28','16960929 7552'),(38,38,'Natalie','Carter','1987-10-19','P.O. Box 456, 4404 Orci. Rd.',6948,'655344','Christmas Island','2019-03-02','16540604 6903'),(39,39,'Brent','Poole','1999-01-04','Ap #502-1122 Iaculis Avenue',6236,'5518','Djibouti','2011-08-27','16680517 8719'),(40,40,'Thaddeus','Harrison','1922-08-21','P.O. Box 985, 2412 Lobortis Avenue',5200,'10415-730','Latvia','2010-09-08','16760115 5471');
INSERT INTO customers([id],[number],[firstname],[lastname],[birthdate],[street],[npa],[city],[country],[registration],[iban]) VALUES(41,41,'Rana','Richardson','2019-03-12','Ap #931-8203 Nisi St.',7139,'60178','Estonia','2017-07-14','16590901 4861'),(42,42,'Alden','Berg','1950-01-27','286-751 Semper Rd.',1817,'32866','Guadeloupe','2016-03-12','16601116 9452'),(43,43,'Demetrius','Jones','1962-07-24','P.O. Box 284, 2581 Sed Av.',8571,'647940','Reunion','2012-06-19','16960817 1691'),(44,44,'Gray','Guerrero','1912-03-18','8598 Massa. St.',7137,'14385-563','Turkey','2015-11-15','16730413 2223'),(45,45,'Emmanuel','Humphrey','1976-06-21','7819 Tempor, St.',9379,'319713','Martinique','2012-10-04','16041126 0896'),(46,46,'Oliver','Brown','1989-05-16','1011 Ultrices, Street',3400,'141174','France','2015-10-22','16550818 6342'),(47,47,'Warren','Weber','2014-12-13','P.O. Box 648, 4227 Nisi Road',9050,'90-882','Faroe Islands','2014-12-24','16060805 4615'),(48,48,'Charde','Grant','2013-11-05','P.O. Box 158, 4350 Cras Road',9117,'673937','Holy See (Vatican City State)','2015-08-14','16980906 0420'),(49,49,'Stone','Tucker','1956-12-25','451-5219 Metus Ave',1872,'00097','Seychelles','2011-11-07','16461003 4862'),(50,50,'Maris','Dennis','1969-09-06','P.O. Box 290, 7040 Donec St.',9118,'87014','Yemen','2013-10-07','16721027 0695');
INSERT INTO customers([id],[number],[firstname],[lastname],[birthdate],[street],[npa],[city],[country],[registration],[iban]) VALUES(51,51,'Chiquita','Hopkins','1979-06-03','7651 Ipsum Ave',6914,'6614','Djibouti','2016-05-23','16430707 3884'),(52,52,'Yoshi','Powell','1935-06-10','P.O. Box 315, 196 Sagittis Av.',4117,'N4V 6A3','Switzerland','2011-10-06','16930516 5558'),(53,53,'Caryn','Chambers','1979-05-01','P.O. Box 558, 9258 Nunc Rd.',3269,'104050','Northern Mariana Islands','2015-09-24','16580825 2554'),(54,54,'Scott','Brewer','1937-10-30','P.O. Box 394, 7286 Augue St.',8904,'557981','Korea, South','2010-09-22','16690222 2899'),(55,55,'Benjamin','Blanchard','1976-06-04','P.O. Box 818, 8374 Ut Rd.',1246,'9751','Sudan','2018-03-01','16101218 1325'),(56,56,'Thane','Downs','1969-09-21','591-6485 Cum Rd.',2164,'06849-71786','Niger','2010-11-12','16740125 6529'),(57,57,'Quynn','Stephenson','1924-02-05','P.O. Box 826, 9485 Dapibus Street',7849,'06203','Western Sahara','2018-02-21','16731029 6814'),(58,58,'Silas','Reed','1976-08-17','Ap #978-1512 In Ave',2040,'78917','Congo (Brazzaville)','2010-04-21','16270222 6313'),(59,59,'Genevieve','Vasquez','1934-03-11','4204 Purus, Av.',1935,'92238-43123','Tonga','2018-10-15','16010204 5283'),(60,60,'Gwendolyn','Keith','1959-09-21','6212 Consectetuer St.',3095,'08735','Korea, South','2017-10-06','16340314 5851');
INSERT INTO customers([id],[number],[firstname],[lastname],[birthdate],[street],[npa],[city],[country],[registration],[iban]) VALUES(61,61,'Kitra','Lindsey','1909-12-11','Ap #904-5127 Luctus Av.',7816,'820619','New Zealand','2012-12-30','16270106 9359'),(62,62,'Neville','Madden','1953-05-04','8146 Sodales Road',6374,'G6P 0K7','Slovenia','2012-11-05','16240507 1701'),(63,63,'Moses','Norman','1944-04-20','P.O. Box 246, 6309 Facilisis Rd.',5821,'1612','Lesotho','2013-03-25','16861213 5189'),(64,64,'Joshua','Robertson','1909-06-08','7836 Donec St.',8753,'746686','Croatia','2017-12-06','16861205 9462'),(65,65,'Fay','Morales','1925-06-04','P.O. Box 539, 9547 Sed Street',6930,'2936','Kazakhstan','2013-07-25','16520514 4305'),(66,66,'Herrod','Contreras','1944-07-29','P.O. Box 282, 2586 Non Avenue',4938,'40019','Bangladesh','2013-01-28','16451017 1541'),(67,67,'Lucian','Skinner','1904-07-26','P.O. Box 399, 2807 Consectetuer Rd.',4688,'0018 HV','Eritrea','2014-10-22','16871115 3018'),(68,68,'Paula','Moreno','1954-07-25','Ap #204-6284 Elit Street',3757,'25270','Sierra Leone','2010-12-09','16850427 4625'),(69,69,'Emerson','Estrada','1900-02-20','Ap #238-6311 Sed St.',4966,'35389','Iran','2019-03-23','16100304 9267'),(70,70,'Cadman','Hawkins','1996-03-21','721-6484 Metus. St.',6115,'32190','Afghanistan','2012-09-09','16370621 6474');
INSERT INTO customers([id],[number],[firstname],[lastname],[birthdate],[street],[npa],[city],[country],[registration],[iban]) VALUES(71,71,'Benjamin','Wood','1938-09-19','141-4502 Lacus Av.',9752,'710602','Cape Verde','2017-12-31','16161116 9275'),(72,72,'Elmo','Weaver','1994-02-17','Ap #692-8703 Venenatis Av.',1609,'76052','Pitcairn Islands','2011-03-09','16060411 6319'),(73,73,'Illana','Wooten','1965-09-05','536-6462 Orci. Road',9575,'84473-21527','New Caledonia','2019-02-02','16920905 4874'),(74,74,'Stephen','Gill','2011-12-25','495-6521 Malesuada. Avenue',3913,'270876','Macao','2014-11-08','16630524 7287'),(75,75,'Yvette','Alvarez','1931-12-28','4648 Morbi Avenue',4474,'4739','Anguilla','2012-01-09','16451201 0333'),(76,76,'Ima','Weeks','1962-01-25','Ap #123-943 Pellentesque Ave',1055,'35425','Israel','2017-01-01','16581217 9959'),(77,77,'Haviva','Jenkins','1907-09-01','3457 Dolor St.',4748,'84515','United Kingdom (Great Britain)','2018-10-27','16950206 2632'),(78,78,'Madeson','Gill','1904-07-01','316-3943 Quis Av.',1259,'11474','Syria','2019-04-25','16051011 8185'),(79,79,'Lois','Todd','1977-12-28','1715 Ligula. Ave',2500,'167902','Qatar','2012-11-24','16841218 9113'),(80,80,'Martena','Kemp','2005-03-21','Ap #492-9731 Cubilia Rd.',7103,'QI1G 7HM','Chad','2019-03-06','16680923 1365');
INSERT INTO customers([id],[number],[firstname],[lastname],[birthdate],[street],[npa],[city],[country],[registration],[iban]) VALUES(81,81,'Wyoming','Kane','1906-04-01','P.O. Box 392, 3732 Libero. Rd.',4979,'9761','Norfolk Island','2014-08-26','16501227 8965'),(82,82,'Lane','Mccullough','1940-09-03','Ap #188-7994 Dolor Road',8340,'1709','Kuwait','2015-08-21','16200519 3913'),(83,83,'Helen','Terry','1933-10-26','Ap #447-2769 Amet, St.',2892,'59679','Japan','2019-11-10','16830514 0041'),(84,84,'Ifeoma','Porter','1931-12-16','614-4929 Suspendisse Av.',3666,'A5X 0W6','Spain','2013-02-06','16730723 9967'),(85,85,'Ariel','Everett','1924-10-16','1410 Hendrerit Road',8971,'3942','Guinea','2010-07-24','16350217 4935'),(86,86,'Jolie','Rasmussen','1922-02-25','3431 Diam. Av.',9063,'31046','Togo','2010-02-22','16820606 1338'),(87,87,'Leslie','Houston','2006-09-01','5560 Donec St.',5601,'82379','Tanzania','2017-01-15','16851223 4405'),(88,88,'Keelie','Noble','1939-05-28','9274 Malesuada St.',7213,'397209','Laos','2014-01-23','16030630 3819'),(89,89,'Kadeem','Mcbride','1945-07-14','5833 Lectus. Street',9836,'70205','Philippines','2019-10-27','16310119 9820'),(90,90,'Coby','Hebert','1945-09-05','617-2826 Sit St.',1736,'945829','Belgium','2012-03-26','16160201 8333');
INSERT INTO customers([id],[number],[firstname],[lastname],[birthdate],[street],[npa],[city],[country],[registration],[iban]) VALUES(91,91,'Jenna','Guy','2007-03-18','P.O. Box 280, 7963 Diam Avenue',4849,'706008','Bahamas','2010-12-06','16971217 7014'),(92,92,'Colleen','Rocha','1957-12-25','Ap #315-4036 Lorem Avenue',5913,'10819','Maldives','2018-02-05','16620220 2237'),(93,93,'Joseph','Hayes','1935-11-04','276-7028 Maecenas Av.',1593,'273920','Tokelau','2010-08-22','16330624 9032'),(94,94,'Zeph','Padilla','1962-06-05','P.O. Box 616, 6964 Morbi Street',5536,'501161','Guinea-Bissau','2011-04-13','16150506 3048'),(95,95,'Doris','Good','1992-02-15','Ap #222-8696 Duis Rd.',9962,'T7J 1AP','Barbados','2018-11-30','16010627 3535'),(96,96,'Gary','Wiley','1918-03-31','2421 Viverra. St.',6784,'96566','Saudi Arabia','2015-05-19','16120424 9773'),(97,97,'Jasper','Rodriquez','1937-04-07','Ap #789-8998 Ante, Avenue',2084,'47930','Tajikistan','2019-11-03','16280126 5030'),(98,98,'Dillon','Butler','1901-02-27','6489 Eu Road',2378,'66-075','Taiwan','2013-01-04','16250511 5549'),(99,99,'Orli','Blankenship','2009-08-31','7474 Dui. Rd.',2522,'UQ9Z 3VQ','Senegal','2015-07-31','16910112 7646'),(100,100,'Octavia','Horn','1963-11-28','2979 Facilisis St.',5528,'44500','Portugal','2016-09-16','16860626 5000');

-- insert 30 articles
INSERT INTO articles([id],[number],[date],[title],[author],[content],[views]) VALUES(1,1,'2015-05-17','egestas nunc sed libero. Proin sed turpis nec mauris blandit','Talon','ligula. Aenean gravida nunc sed pede. Cum sociis natoque penatibus et magnis dis parturient montes, nascetur ridiculus mus. Proin vel arcu eu odio tristique pharetra. Quisque ac libero nec ligula consectetuer rhoncus. Nullam velit dui, semper et, lacinia vitae, sodales at, velit. Pellentesque ultricies dignissim lacus. Aliquam rutrum lorem ac risus. Morbi metus. Vivamus euismod urna. Nullam lobortis quam a felis ullamcorper viverra. Maecenas iaculis aliquet diam. Sed diam lorem, auctor quis, tristique ac, eleifend vitae, erat. Vivamus nisi. Mauris nulla. Integer urna. Vivamus molestie dapibus ligula. Aliquam erat volutpat. Nulla dignissim. Maecenas ornare egestas ligula. Nullam feugiat placerat velit. Quisque varius. Nam porttitor scelerisque neque. Nullam nisl. Maecenas malesuada fringilla est. Mauris eu turpis. Nulla aliquet. Proin velit. Sed malesuada augue ut lacus. Nulla tincidunt, neque vitae semper egestas, urna justo faucibus lectus, a sollicitudin orci sem eget massa. Suspendisse eleifend. Cras sed leo. Cras vehicula aliquet libero. Integer in magna. Phasellus dolor elit, pellentesque a, facilisis non, bibendum sed, est. Nunc laoreet lectus quis massa. Mauris vestibulum, neque sed dictum eleifend, nunc risus varius orci, in consequat enim diam vel arcu. Curabitur ut odio vel est tempor bibendum. Donec felis orci, adipiscing non, luctus sit amet, faucibus ut, nulla. Cras eu tellus eu augue porttitor interdum. Sed auctor odio a purus. Duis elementum, dui quis accumsan convallis, ante lectus convallis est, vitae sodales nisi magna sed dui. Fusce aliquam, enim nec tempus scelerisque, lorem ipsum sodales purus, in molestie tortor nibh sit amet orci. Ut sagittis lobortis mauris. Suspendisse aliquet molestie tellus. Aenean egestas hendrerit neque. In ornare sagittis felis. Donec tempor, est ac mattis semper, dui lectus rutrum urna, nec luctus felis purus ac tellus. Suspendisse sed dolor. Fusce mi lorem, vehicula et, rutrum eu, ultrices sit amet, risus. Donec nibh enim, gravida sit amet, dapibus id, blandit at, nisi. Cum sociis natoque penatibus et magnis dis parturient montes, nascetur ridiculus mus. Proin vel nisl. Quisque fringilla euismod enim. Etiam gravida molestie arcu. Sed eu nibh vulputate mauris sagittis placerat. Cras dictum ultricies ligula. Nullam enim. Sed nulla ante, iaculis nec, eleifend non, dapibus rutrum, justo. Praesent luctus. Curabitur egestas nunc sed libero. Proin sed turpis nec mauris blandit mattis. Cras eget nisi dictum augue malesuada malesuada. Integer id magna et ipsum cursus vestibulum. Mauris magna. Duis dignissim tempor arcu. Vestibulum ut eros non enim commodo hendrerit. Donec porttitor tellus non magna. Nam ligula elit, pretium et,',548539),(2,2,'2014-07-25','nec, malesuada ut, sem. Nulla interdum. Curabitur dictum. Phasellus in','Blossom','enim. Nunc ut erat. Sed nunc est, mollis non, cursus non, egestas a, dui. Cras pellentesque. Sed dictum. Proin eget odio. Aliquam vulputate ullamcorper magna. Sed eu eros. Nam consequat dolor vitae dolor. Donec fringilla. Donec feugiat metus sit amet ante. Vivamus non lorem vitae odio sagittis semper. Nam tempor diam dictum sapien. Aenean massa. Integer vitae nibh. Donec est mauris, rhoncus id, mollis nec, cursus a, enim. Suspendisse aliquet, sem ut cursus luctus, ipsum leo elementum sem, vitae aliquam eros turpis non enim. Mauris quis turpis vitae purus gravida sagittis. Duis gravida. Praesent eu nulla at sem molestie sodales. Mauris blandit enim consequat purus. Maecenas libero est, congue a, aliquet vel, vulputate eu, odio. Phasellus at augue id ante dictum cursus. Nunc mauris elit, dictum eu, eleifend nec, malesuada ut, sem. Nulla interdum. Curabitur dictum. Phasellus in felis. Nulla tempor augue ac ipsum. Phasellus vitae mauris sit amet lorem semper auctor. Mauris vel turpis. Aliquam adipiscing lobortis risus. In mi pede, nonummy ut, molestie in, tempus eu, ligula. Aenean euismod mauris eu elit. Nulla facilisi. Sed neque. Sed eget lacus. Mauris non dui nec urna suscipit nonummy. Fusce fermentum fermentum arcu. Vestibulum ante ipsum primis in faucibus orci luctus et ultrices posuere cubilia Curae; Phasellus ornare. Fusce mollis. Duis sit amet diam eu dolor egestas rhoncus. Proin nisl sem, consequat nec, mollis vitae, posuere at, velit. Cras lorem lorem, luctus ut, pellentesque eget, dictum placerat, augue. Sed molestie. Sed id risus quis diam luctus lobortis. Class aptent taciti sociosqu ad litora torquent per conubia nostra, per inceptos hymenaeos. Mauris ut quam vel sapien imperdiet ornare. In faucibus. Morbi vehicula. Pellentesque tincidunt tempus risus. Donec egestas. Duis ac arcu. Nunc mauris. Morbi non sapien molestie orci tincidunt adipiscing. Mauris molestie pharetra nibh. Aliquam ornare, libero at auctor ullamcorper, nisl arcu iaculis enim, sit amet ornare lectus justo eu arcu. Morbi sit amet massa. Quisque porttitor eros nec tellus. Nunc lectus pede, ultrices a, auctor non, feugiat nec, diam. Duis mi enim, condimentum eget, volutpat ornare, facilisis eget, ipsum. Donec sollicitudin adipiscing ligula. Aenean gravida nunc sed pede. Cum sociis natoque penatibus et magnis dis parturient montes, nascetur ridiculus mus. Proin vel arcu eu odio tristique pharetra. Quisque ac libero nec ligula consectetuer rhoncus. Nullam velit dui, semper et, lacinia vitae, sodales at, velit. Pellentesque ultricies dignissim lacus. Aliquam rutrum lorem ac risus. Morbi metus. Vivamus euismod urna. Nullam lobortis quam',578308),(3,3,'2014-01-16','risus. Donec nibh enim, gravida sit amet, dapibus id, blandit','Rose','mauris id sapien. Cras dolor dolor, tempus non, lacinia at, iaculis quis, pede. Praesent eu dui. Cum sociis natoque penatibus et magnis dis parturient montes, nascetur ridiculus mus. Aenean eget magna. Suspendisse tristique neque venenatis lacus. Etiam bibendum fermentum metus. Aenean sed pede nec ante blandit viverra. Donec tempus, lorem fringilla ornare placerat, orci lacus vestibulum lorem, sit amet ultricies sem magna nec quam. Curabitur vel lectus. Cum sociis natoque penatibus et magnis dis parturient montes, nascetur ridiculus mus. Donec dignissim magna a tortor. Nunc commodo auctor velit. Aliquam nisl. Nulla eu neque pellentesque massa lobortis ultrices. Vivamus rhoncus. Donec est. Nunc ullamcorper, velit in aliquet lobortis, nisi nibh lacinia orci, consectetuer euismod est arcu ac orci. Ut semper pretium neque. Morbi quis urna. Nunc quis arcu vel quam dignissim pharetra. Nam ac nulla. In tincidunt congue turpis. In condimentum. Donec at arcu. Vestibulum ante ipsum primis in faucibus orci luctus et ultrices posuere cubilia Curae; Donec tincidunt. Donec vitae erat vel pede blandit congue. In scelerisque scelerisque dui. Suspendisse ac metus vitae velit egestas lacinia. Sed congue, elit sed consequat auctor, nunc nulla vulputate dui, nec tempus mauris erat eget ipsum. Suspendisse sagittis. Nullam vitae diam. Proin dolor. Nulla semper tellus id nunc interdum feugiat. Sed nec metus facilisis lorem tristique aliquet. Phasellus fermentum convallis ligula. Donec luctus aliquet odio. Etiam ligula tortor, dictum eu, placerat eget, venenatis a, magna. Lorem ipsum dolor sit amet, consectetuer adipiscing elit. Etiam laoreet, libero et tristique pellentesque, tellus sem mollis dui, in sodales elit erat vitae risus. Duis a mi fringilla mi lacinia mattis. Integer eu lacus. Quisque imperdiet, erat nonummy ultricies ornare, elit elit fermentum risus, at fringilla purus mauris a nunc. In at pede. Cras vulputate velit eu sem. Pellentesque ut ipsum ac mi eleifend egestas. Sed pharetra, felis eget varius ultrices, mauris ipsum porta elit, a feugiat tellus lorem eu metus. In lorem. Donec elementum, lorem ut aliquam iaculis, lacus pede sagittis augue, eu tempor erat neque non quam. Pellentesque habitant morbi tristique senectus et netus et malesuada fames ac turpis egestas. Aliquam fringilla cursus purus. Nullam scelerisque neque sed sem egestas blandit. Nam nulla magna, malesuada vel, convallis in, cursus et, eros. Proin ultrices. Duis volutpat nunc sit amet metus. Aliquam erat volutpat. Nulla facilisis. Suspendisse commodo tincidunt nibh. Phasellus nulla. Integer vulputate, risus a ultricies adipiscing, enim mi tempor lorem, eget mollis lectus pede et risus. Quisque',519804),(4,4,'2019-05-14','varius ultrices, mauris ipsum porta elit, a feugiat tellus lorem','Delilah','Mauris molestie pharetra nibh. Aliquam ornare, libero at auctor ullamcorper, nisl arcu iaculis enim, sit amet ornare lectus justo eu arcu. Morbi sit amet massa. Quisque porttitor eros nec tellus. Nunc lectus pede, ultrices a, auctor non, feugiat nec, diam. Duis mi enim, condimentum eget, volutpat ornare, facilisis eget, ipsum. Donec sollicitudin adipiscing ligula. Aenean gravida nunc sed pede. Cum sociis natoque penatibus et magnis dis parturient montes, nascetur ridiculus mus. Proin vel arcu eu odio tristique pharetra. Quisque ac libero nec ligula consectetuer rhoncus. Nullam velit dui, semper et, lacinia vitae, sodales at, velit. Pellentesque ultricies dignissim lacus. Aliquam rutrum lorem ac risus. Morbi metus. Vivamus euismod urna. Nullam lobortis quam a felis ullamcorper viverra. Maecenas iaculis aliquet diam. Sed diam lorem, auctor quis, tristique ac, eleifend vitae, erat. Vivamus nisi. Mauris nulla. Integer urna. Vivamus molestie dapibus ligula. Aliquam erat volutpat. Nulla dignissim. Maecenas ornare egestas ligula. Nullam feugiat placerat velit. Quisque varius. Nam porttitor scelerisque neque. Nullam nisl. Maecenas malesuada fringilla est. Mauris eu turpis. Nulla aliquet. Proin velit. Sed malesuada augue ut lacus. Nulla tincidunt, neque vitae semper egestas, urna justo faucibus lectus, a sollicitudin orci sem eget massa. Suspendisse eleifend. Cras sed leo. Cras vehicula aliquet libero. Integer in magna. Phasellus dolor elit, pellentesque a, facilisis non, bibendum sed, est. Nunc laoreet lectus quis massa. Mauris vestibulum, neque sed dictum eleifend, nunc risus varius orci, in consequat enim diam vel arcu. Curabitur ut odio vel est tempor bibendum. Donec felis orci, adipiscing non, luctus sit amet, faucibus ut, nulla. Cras eu tellus eu augue porttitor interdum. Sed auctor odio a purus. Duis elementum, dui quis accumsan convallis, ante lectus convallis est, vitae sodales nisi magna sed dui. Fusce aliquam, enim nec tempus scelerisque, lorem ipsum sodales purus, in molestie tortor nibh sit amet orci. Ut sagittis lobortis mauris. Suspendisse aliquet molestie tellus. Aenean egestas hendrerit neque. In ornare sagittis felis. Donec tempor, est ac mattis semper, dui lectus rutrum urna, nec luctus felis purus ac tellus. Suspendisse sed dolor. Fusce mi lorem, vehicula et, rutrum eu, ultrices sit amet, risus. Donec nibh enim, gravida sit amet, dapibus id, blandit at, nisi. Cum sociis natoque penatibus et magnis dis parturient montes, nascetur ridiculus mus. Proin vel nisl. Quisque fringilla euismod enim. Etiam gravida molestie arcu. Sed eu nibh vulputate mauris sagittis placerat. Cras dictum ultricies ligula. Nullam enim. Sed nulla ante, iaculis nec, eleifend non, dapibus',103304),(5,5,'2018-02-16','Cum sociis natoque penatibus et magnis dis parturient montes, nascetur','Amaya','gravida non, sollicitudin a, malesuada id, erat. Etiam vestibulum massa rutrum magna. Cras convallis convallis dolor. Quisque tincidunt pede ac urna. Ut tincidunt vehicula risus. Nulla eget metus eu erat semper rutrum. Fusce dolor quam, elementum at, egestas a, scelerisque sed, sapien. Nunc pulvinar arcu et pede. Nunc sed orci lobortis augue scelerisque mollis. Phasellus libero mauris, aliquam eu, accumsan sed, facilisis vitae, orci. Phasellus dapibus quam quis diam. Pellentesque habitant morbi tristique senectus et netus et malesuada fames ac turpis egestas. Fusce aliquet magna a neque. Nullam ut nisi a odio semper cursus. Integer mollis. Integer tincidunt aliquam arcu. Aliquam ultrices iaculis odio. Nam interdum enim non nisi. Aenean eget metus. In nec orci. Donec nibh. Quisque nonummy ipsum non arcu. Vivamus sit amet risus. Donec egestas. Aliquam nec enim. Nunc ut erat. Sed nunc est, mollis non, cursus non, egestas a, dui. Cras pellentesque. Sed dictum. Proin eget odio. Aliquam vulputate ullamcorper magna. Sed eu eros. Nam consequat dolor vitae dolor. Donec fringilla. Donec feugiat metus sit amet ante. Vivamus non lorem vitae odio sagittis semper. Nam tempor diam dictum sapien. Aenean massa. Integer vitae nibh. Donec est mauris, rhoncus id, mollis nec, cursus a, enim. Suspendisse aliquet, sem ut cursus luctus, ipsum leo elementum sem, vitae aliquam eros turpis non enim. Mauris quis turpis vitae purus gravida sagittis. Duis gravida. Praesent eu nulla at sem molestie sodales. Mauris blandit enim consequat purus. Maecenas libero est, congue a, aliquet vel, vulputate eu, odio. Phasellus at augue id ante dictum cursus. Nunc mauris elit, dictum eu, eleifend nec, malesuada ut, sem. Nulla interdum. Curabitur dictum. Phasellus in felis. Nulla tempor augue ac ipsum. Phasellus vitae mauris sit amet lorem semper auctor. Mauris vel turpis. Aliquam adipiscing lobortis risus. In mi pede, nonummy ut, molestie in, tempus eu, ligula. Aenean euismod mauris eu elit. Nulla facilisi. Sed neque. Sed eget lacus. Mauris non dui nec urna suscipit nonummy. Fusce fermentum fermentum arcu. Vestibulum ante ipsum primis in faucibus orci luctus et ultrices posuere cubilia Curae; Phasellus ornare. Fusce mollis. Duis sit amet diam eu dolor egestas rhoncus. Proin nisl sem, consequat nec, mollis vitae, posuere at, velit. Cras lorem lorem, luctus ut, pellentesque eget, dictum placerat, augue. Sed molestie. Sed id risus quis diam luctus lobortis. Class aptent taciti sociosqu ad litora torquent per conubia nostra, per inceptos hymenaeos. Mauris ut quam vel sapien imperdiet ornare. In faucibus. Morbi vehicula.',987847),(6,6,'2020-04-03','luctus vulputate, nisi sem semper erat, in consectetuer ipsum nunc','Aurora','sit amet, consectetuer adipiscing elit. Curabitur sed tortor. Integer aliquam adipiscing lacus. Ut nec urna et arcu imperdiet ullamcorper. Duis at lacus. Quisque purus sapien, gravida non, sollicitudin a, malesuada id, erat. Etiam vestibulum massa rutrum magna. Cras convallis convallis dolor. Quisque tincidunt pede ac urna. Ut tincidunt vehicula risus. Nulla eget metus eu erat semper rutrum. Fusce dolor quam, elementum at, egestas a, scelerisque sed, sapien. Nunc pulvinar arcu et pede. Nunc sed orci lobortis augue scelerisque mollis. Phasellus libero mauris, aliquam eu, accumsan sed, facilisis vitae, orci. Phasellus dapibus quam quis diam. Pellentesque habitant morbi tristique senectus et netus et malesuada fames ac turpis egestas. Fusce aliquet magna a neque. Nullam ut nisi a odio semper cursus. Integer mollis. Integer tincidunt aliquam arcu. Aliquam ultrices iaculis odio. Nam interdum enim non nisi. Aenean eget metus. In nec orci. Donec nibh. Quisque nonummy ipsum non arcu. Vivamus sit amet risus. Donec egestas. Aliquam nec enim. Nunc ut erat. Sed nunc est, mollis non, cursus non, egestas a, dui. Cras pellentesque. Sed dictum. Proin eget odio. Aliquam vulputate ullamcorper magna. Sed eu eros. Nam consequat dolor vitae dolor. Donec fringilla. Donec feugiat metus sit amet ante. Vivamus non lorem vitae odio sagittis semper. Nam tempor diam dictum sapien. Aenean massa. Integer vitae nibh. Donec est mauris, rhoncus id, mollis nec, cursus a, enim. Suspendisse aliquet, sem ut cursus luctus, ipsum leo elementum sem, vitae aliquam eros turpis non enim. Mauris quis turpis vitae purus gravida sagittis. Duis gravida. Praesent eu nulla at sem molestie sodales. Mauris blandit enim consequat purus. Maecenas libero est, congue a, aliquet vel, vulputate eu, odio. Phasellus at augue id ante dictum cursus. Nunc mauris elit, dictum eu, eleifend nec, malesuada ut, sem. Nulla interdum. Curabitur dictum. Phasellus in felis. Nulla tempor augue ac ipsum. Phasellus vitae mauris sit amet lorem semper auctor. Mauris vel turpis. Aliquam adipiscing lobortis risus. In mi pede, nonummy ut, molestie in, tempus eu, ligula. Aenean euismod mauris eu elit. Nulla facilisi. Sed neque. Sed eget lacus. Mauris non dui nec urna suscipit nonummy. Fusce fermentum fermentum arcu. Vestibulum ante ipsum primis in faucibus orci luctus et ultrices posuere cubilia Curae; Phasellus ornare. Fusce mollis. Duis sit amet diam eu dolor egestas rhoncus. Proin nisl sem, consequat nec, mollis vitae, posuere at, velit. Cras lorem lorem, luctus ut, pellentesque eget, dictum placerat, augue. Sed molestie. Sed id risus quis diam luctus',485698),(7,7,'2019-08-06','ornare placerat, orci lacus vestibulum lorem, sit amet ultricies sem','Giacomo','montes, nascetur ridiculus mus. Donec dignissim magna a tortor. Nunc commodo auctor velit. Aliquam nisl. Nulla eu neque pellentesque massa lobortis ultrices. Vivamus rhoncus. Donec est. Nunc ullamcorper, velit in aliquet lobortis, nisi nibh lacinia orci, consectetuer euismod est arcu ac orci. Ut semper pretium neque. Morbi quis urna. Nunc quis arcu vel quam dignissim pharetra. Nam ac nulla. In tincidunt congue turpis. In condimentum. Donec at arcu. Vestibulum ante ipsum primis in faucibus orci luctus et ultrices posuere cubilia Curae; Donec tincidunt. Donec vitae erat vel pede blandit congue. In scelerisque scelerisque dui. Suspendisse ac metus vitae velit egestas lacinia. Sed congue, elit sed consequat auctor, nunc nulla vulputate dui, nec tempus mauris erat eget ipsum. Suspendisse sagittis. Nullam vitae diam. Proin dolor. Nulla semper tellus id nunc interdum feugiat. Sed nec metus facilisis lorem tristique aliquet. Phasellus fermentum convallis ligula. Donec luctus aliquet odio. Etiam ligula tortor, dictum eu, placerat eget, venenatis a, magna. Lorem ipsum dolor sit amet, consectetuer adipiscing elit. Etiam laoreet, libero et tristique pellentesque, tellus sem mollis dui, in sodales elit erat vitae risus. Duis a mi fringilla mi lacinia mattis. Integer eu lacus. Quisque imperdiet, erat nonummy ultricies ornare, elit elit fermentum risus, at fringilla purus mauris a nunc. In at pede. Cras vulputate velit eu sem. Pellentesque ut ipsum ac mi eleifend egestas. Sed pharetra, felis eget varius ultrices, mauris ipsum porta elit, a feugiat tellus lorem eu metus. In lorem. Donec elementum, lorem ut aliquam iaculis, lacus pede sagittis augue, eu tempor erat neque non quam. Pellentesque habitant morbi tristique senectus et netus et malesuada fames ac turpis egestas. Aliquam fringilla cursus purus. Nullam scelerisque neque sed sem egestas blandit. Nam nulla magna, malesuada vel, convallis in, cursus et, eros. Proin ultrices. Duis volutpat nunc sit amet metus. Aliquam erat volutpat. Nulla facilisis. Suspendisse commodo tincidunt nibh. Phasellus nulla. Integer vulputate, risus a ultricies adipiscing, enim mi tempor lorem, eget mollis lectus pede et risus. Quisque libero lacus, varius et, euismod et, commodo at, libero. Morbi accumsan laoreet ipsum. Curabitur consequat, lectus sit amet luctus vulputate, nisi sem semper erat, in consectetuer ipsum nunc id enim. Curabitur massa. Vestibulum accumsan neque et nunc. Quisque ornare tortor at risus. Nunc ac sem ut dolor dapibus gravida. Aliquam tincidunt, nunc ac mattis ornare, lectus ante dictum mi, ac mattis velit justo nec ante. Maecenas mi felis, adipiscing fringilla, porttitor vulputate, posuere vulputate, lacus.',970455),(8,8,'2010-12-01','Nulla aliquet. Proin velit. Sed malesuada augue ut lacus. Nulla','Stacy','condimentum eget, volutpat ornare, facilisis eget, ipsum. Donec sollicitudin adipiscing ligula. Aenean gravida nunc sed pede. Cum sociis natoque penatibus et magnis dis parturient montes, nascetur ridiculus mus. Proin vel arcu eu odio tristique pharetra. Quisque ac libero nec ligula consectetuer rhoncus. Nullam velit dui, semper et, lacinia vitae, sodales at, velit. Pellentesque ultricies dignissim lacus. Aliquam rutrum lorem ac risus. Morbi metus. Vivamus euismod urna. Nullam lobortis quam a felis ullamcorper viverra. Maecenas iaculis aliquet diam. Sed diam lorem, auctor quis, tristique ac, eleifend vitae, erat. Vivamus nisi. Mauris nulla. Integer urna. Vivamus molestie dapibus ligula. Aliquam erat volutpat. Nulla dignissim. Maecenas ornare egestas ligula. Nullam feugiat placerat velit. Quisque varius. Nam porttitor scelerisque neque. Nullam nisl. Maecenas malesuada fringilla est. Mauris eu turpis. Nulla aliquet. Proin velit. Sed malesuada augue ut lacus. Nulla tincidunt, neque vitae semper egestas, urna justo faucibus lectus, a sollicitudin orci sem eget massa. Suspendisse eleifend. Cras sed leo. Cras vehicula aliquet libero. Integer in magna. Phasellus dolor elit, pellentesque a, facilisis non, bibendum sed, est. Nunc laoreet lectus quis massa. Mauris vestibulum, neque sed dictum eleifend, nunc risus varius orci, in consequat enim diam vel arcu. Curabitur ut odio vel est tempor bibendum. Donec felis orci, adipiscing non, luctus sit amet, faucibus ut, nulla. Cras eu tellus eu augue porttitor interdum. Sed auctor odio a purus. Duis elementum, dui quis accumsan convallis, ante lectus convallis est, vitae sodales nisi magna sed dui. Fusce aliquam, enim nec tempus scelerisque, lorem ipsum sodales purus, in molestie tortor nibh sit amet orci. Ut sagittis lobortis mauris. Suspendisse aliquet molestie tellus. Aenean egestas hendrerit neque. In ornare sagittis felis. Donec tempor, est ac mattis semper, dui lectus rutrum urna, nec luctus felis purus ac tellus. Suspendisse sed dolor. Fusce mi lorem, vehicula et, rutrum eu, ultrices sit amet, risus. Donec nibh enim, gravida sit amet, dapibus id, blandit at, nisi. Cum sociis natoque penatibus et magnis dis parturient montes, nascetur ridiculus mus. Proin vel nisl. Quisque fringilla euismod enim. Etiam gravida molestie arcu. Sed eu nibh vulputate mauris sagittis placerat. Cras dictum ultricies ligula. Nullam enim. Sed nulla ante, iaculis nec, eleifend non, dapibus rutrum, justo. Praesent luctus. Curabitur egestas nunc sed libero. Proin sed turpis nec mauris blandit mattis. Cras eget nisi dictum augue malesuada malesuada. Integer id magna et ipsum cursus vestibulum. Mauris magna. Duis dignissim tempor arcu. Vestibulum ut eros non enim commodo hendrerit.',220563),(9,9,'2020-09-16','ultrices posuere cubilia Curae; Phasellus ornare. Fusce mollis. Duis sit','Wyatt','ipsum leo elementum sem, vitae aliquam eros turpis non enim. Mauris quis turpis vitae purus gravida sagittis. Duis gravida. Praesent eu nulla at sem molestie sodales. Mauris blandit enim consequat purus. Maecenas libero est, congue a, aliquet vel, vulputate eu, odio. Phasellus at augue id ante dictum cursus. Nunc mauris elit, dictum eu, eleifend nec, malesuada ut, sem. Nulla interdum. Curabitur dictum. Phasellus in felis. Nulla tempor augue ac ipsum. Phasellus vitae mauris sit amet lorem semper auctor. Mauris vel turpis. Aliquam adipiscing lobortis risus. In mi pede, nonummy ut, molestie in, tempus eu, ligula. Aenean euismod mauris eu elit. Nulla facilisi. Sed neque. Sed eget lacus. Mauris non dui nec urna suscipit nonummy. Fusce fermentum fermentum arcu. Vestibulum ante ipsum primis in faucibus orci luctus et ultrices posuere cubilia Curae; Phasellus ornare. Fusce mollis. Duis sit amet diam eu dolor egestas rhoncus. Proin nisl sem, consequat nec, mollis vitae, posuere at, velit. Cras lorem lorem, luctus ut, pellentesque eget, dictum placerat, augue. Sed molestie. Sed id risus quis diam luctus lobortis. Class aptent taciti sociosqu ad litora torquent per conubia nostra, per inceptos hymenaeos. Mauris ut quam vel sapien imperdiet ornare. In faucibus. Morbi vehicula. Pellentesque tincidunt tempus risus. Donec egestas. Duis ac arcu. Nunc mauris. Morbi non sapien molestie orci tincidunt adipiscing. Mauris molestie pharetra nibh. Aliquam ornare, libero at auctor ullamcorper, nisl arcu iaculis enim, sit amet ornare lectus justo eu arcu. Morbi sit amet massa. Quisque porttitor eros nec tellus. Nunc lectus pede, ultrices a, auctor non, feugiat nec, diam. Duis mi enim, condimentum eget, volutpat ornare, facilisis eget, ipsum. Donec sollicitudin adipiscing ligula. Aenean gravida nunc sed pede. Cum sociis natoque penatibus et magnis dis parturient montes, nascetur ridiculus mus. Proin vel arcu eu odio tristique pharetra. Quisque ac libero nec ligula consectetuer rhoncus. Nullam velit dui, semper et, lacinia vitae, sodales at, velit. Pellentesque ultricies dignissim lacus. Aliquam rutrum lorem ac risus. Morbi metus. Vivamus euismod urna. Nullam lobortis quam a felis ullamcorper viverra. Maecenas iaculis aliquet diam. Sed diam lorem, auctor quis, tristique ac, eleifend vitae, erat. Vivamus nisi. Mauris nulla. Integer urna. Vivamus molestie dapibus ligula. Aliquam erat volutpat. Nulla dignissim. Maecenas ornare egestas ligula. Nullam feugiat placerat velit. Quisque varius. Nam porttitor scelerisque neque. Nullam nisl. Maecenas malesuada fringilla est. Mauris eu turpis. Nulla aliquet. Proin velit. Sed malesuada augue ut lacus. Nulla tincidunt, neque vitae semper egestas, urna justo faucibus',566688),(10,10,'2016-07-10','gravida sagittis. Duis gravida. Praesent eu nulla at sem molestie','Ira','cursus in, hendrerit consectetuer, cursus et, magna. Praesent interdum ligula eu enim. Etiam imperdiet dictum magna. Ut tincidunt orci quis lectus. Nullam suscipit, est ac facilisis facilisis, magna tellus faucibus leo, in lobortis tellus justo sit amet nulla. Donec non justo. Proin non massa non ante bibendum ullamcorper. Duis cursus, diam at pretium aliquet, metus urna convallis erat, eget tincidunt dui augue eu tellus. Phasellus elit pede, malesuada vel, venenatis vel, faucibus id, libero. Donec consectetuer mauris id sapien. Cras dolor dolor, tempus non, lacinia at, iaculis quis, pede. Praesent eu dui. Cum sociis natoque penatibus et magnis dis parturient montes, nascetur ridiculus mus. Aenean eget magna. Suspendisse tristique neque venenatis lacus. Etiam bibendum fermentum metus. Aenean sed pede nec ante blandit viverra. Donec tempus, lorem fringilla ornare placerat, orci lacus vestibulum lorem, sit amet ultricies sem magna nec quam. Curabitur vel lectus. Cum sociis natoque penatibus et magnis dis parturient montes, nascetur ridiculus mus. Donec dignissim magna a tortor. Nunc commodo auctor velit. Aliquam nisl. Nulla eu neque pellentesque massa lobortis ultrices. Vivamus rhoncus. Donec est. Nunc ullamcorper, velit in aliquet lobortis, nisi nibh lacinia orci, consectetuer euismod est arcu ac orci. Ut semper pretium neque. Morbi quis urna. Nunc quis arcu vel quam dignissim pharetra. Nam ac nulla. In tincidunt congue turpis. In condimentum. Donec at arcu. Vestibulum ante ipsum primis in faucibus orci luctus et ultrices posuere cubilia Curae; Donec tincidunt. Donec vitae erat vel pede blandit congue. In scelerisque scelerisque dui. Suspendisse ac metus vitae velit egestas lacinia. Sed congue, elit sed consequat auctor, nunc nulla vulputate dui, nec tempus mauris erat eget ipsum. Suspendisse sagittis. Nullam vitae diam. Proin dolor. Nulla semper tellus id nunc interdum feugiat. Sed nec metus facilisis lorem tristique aliquet. Phasellus fermentum convallis ligula. Donec luctus aliquet odio. Etiam ligula tortor, dictum eu, placerat eget, venenatis a, magna. Lorem ipsum dolor sit amet, consectetuer adipiscing elit. Etiam laoreet, libero et tristique pellentesque, tellus sem mollis dui, in sodales elit erat vitae risus. Duis a mi fringilla mi lacinia mattis. Integer eu lacus. Quisque imperdiet, erat nonummy ultricies ornare, elit elit fermentum risus, at fringilla purus mauris a nunc. In at pede. Cras vulputate velit eu sem. Pellentesque ut ipsum ac mi eleifend egestas. Sed pharetra, felis eget varius ultrices, mauris ipsum porta elit, a feugiat tellus lorem eu metus. In lorem. Donec elementum, lorem ut aliquam iaculis, lacus pede sagittis augue,',747894);
INSERT INTO articles([id],[number],[date],[title],[author],[content],[views]) VALUES(11,11,'2011-09-18','tincidunt, neque vitae semper egestas, urna justo faucibus lectus, a','Nash','ante dictum cursus. Nunc mauris elit, dictum eu, eleifend nec, malesuada ut, sem. Nulla interdum. Curabitur dictum. Phasellus in felis. Nulla tempor augue ac ipsum. Phasellus vitae mauris sit amet lorem semper auctor. Mauris vel turpis. Aliquam adipiscing lobortis risus. In mi pede, nonummy ut, molestie in, tempus eu, ligula. Aenean euismod mauris eu elit. Nulla facilisi. Sed neque. Sed eget lacus. Mauris non dui nec urna suscipit nonummy. Fusce fermentum fermentum arcu. Vestibulum ante ipsum primis in faucibus orci luctus et ultrices posuere cubilia Curae; Phasellus ornare. Fusce mollis. Duis sit amet diam eu dolor egestas rhoncus. Proin nisl sem, consequat nec, mollis vitae, posuere at, velit. Cras lorem lorem, luctus ut, pellentesque eget, dictum placerat, augue. Sed molestie. Sed id risus quis diam luctus lobortis. Class aptent taciti sociosqu ad litora torquent per conubia nostra, per inceptos hymenaeos. Mauris ut quam vel sapien imperdiet ornare. In faucibus. Morbi vehicula. Pellentesque tincidunt tempus risus. Donec egestas. Duis ac arcu. Nunc mauris. Morbi non sapien molestie orci tincidunt adipiscing. Mauris molestie pharetra nibh. Aliquam ornare, libero at auctor ullamcorper, nisl arcu iaculis enim, sit amet ornare lectus justo eu arcu. Morbi sit amet massa. Quisque porttitor eros nec tellus. Nunc lectus pede, ultrices a, auctor non, feugiat nec, diam. Duis mi enim, condimentum eget, volutpat ornare, facilisis eget, ipsum. Donec sollicitudin adipiscing ligula. Aenean gravida nunc sed pede. Cum sociis natoque penatibus et magnis dis parturient montes, nascetur ridiculus mus. Proin vel arcu eu odio tristique pharetra. Quisque ac libero nec ligula consectetuer rhoncus. Nullam velit dui, semper et, lacinia vitae, sodales at, velit. Pellentesque ultricies dignissim lacus. Aliquam rutrum lorem ac risus. Morbi metus. Vivamus euismod urna. Nullam lobortis quam a felis ullamcorper viverra. Maecenas iaculis aliquet diam. Sed diam lorem, auctor quis, tristique ac, eleifend vitae, erat. Vivamus nisi. Mauris nulla. Integer urna. Vivamus molestie dapibus ligula. Aliquam erat volutpat. Nulla dignissim. Maecenas ornare egestas ligula. Nullam feugiat placerat velit. Quisque varius. Nam porttitor scelerisque neque. Nullam nisl. Maecenas malesuada fringilla est. Mauris eu turpis. Nulla aliquet. Proin velit. Sed malesuada augue ut lacus. Nulla tincidunt, neque vitae semper egestas, urna justo faucibus lectus, a sollicitudin orci sem eget massa. Suspendisse eleifend. Cras sed leo. Cras vehicula aliquet libero. Integer in magna. Phasellus dolor elit, pellentesque a, facilisis non, bibendum sed, est. Nunc laoreet lectus quis massa. Mauris vestibulum, neque sed dictum eleifend, nunc risus varius orci, in',501997),(12,12,'2016-06-22','dictum magna. Ut tincidunt orci quis lectus. Nullam suscipit, est','Kaitlin','fringilla ornare placerat, orci lacus vestibulum lorem, sit amet ultricies sem magna nec quam. Curabitur vel lectus. Cum sociis natoque penatibus et magnis dis parturient montes, nascetur ridiculus mus. Donec dignissim magna a tortor. Nunc commodo auctor velit. Aliquam nisl. Nulla eu neque pellentesque massa lobortis ultrices. Vivamus rhoncus. Donec est. Nunc ullamcorper, velit in aliquet lobortis, nisi nibh lacinia orci, consectetuer euismod est arcu ac orci. Ut semper pretium neque. Morbi quis urna. Nunc quis arcu vel quam dignissim pharetra. Nam ac nulla. In tincidunt congue turpis. In condimentum. Donec at arcu. Vestibulum ante ipsum primis in faucibus orci luctus et ultrices posuere cubilia Curae; Donec tincidunt. Donec vitae erat vel pede blandit congue. In scelerisque scelerisque dui. Suspendisse ac metus vitae velit egestas lacinia. Sed congue, elit sed consequat auctor, nunc nulla vulputate dui, nec tempus mauris erat eget ipsum. Suspendisse sagittis. Nullam vitae diam. Proin dolor. Nulla semper tellus id nunc interdum feugiat. Sed nec metus facilisis lorem tristique aliquet. Phasellus fermentum convallis ligula. Donec luctus aliquet odio. Etiam ligula tortor, dictum eu, placerat eget, venenatis a, magna. Lorem ipsum dolor sit amet, consectetuer adipiscing elit. Etiam laoreet, libero et tristique pellentesque, tellus sem mollis dui, in sodales elit erat vitae risus. Duis a mi fringilla mi lacinia mattis. Integer eu lacus. Quisque imperdiet, erat nonummy ultricies ornare, elit elit fermentum risus, at fringilla purus mauris a nunc. In at pede. Cras vulputate velit eu sem. Pellentesque ut ipsum ac mi eleifend egestas. Sed pharetra, felis eget varius ultrices, mauris ipsum porta elit, a feugiat tellus lorem eu metus. In lorem. Donec elementum, lorem ut aliquam iaculis, lacus pede sagittis augue, eu tempor erat neque non quam. Pellentesque habitant morbi tristique senectus et netus et malesuada fames ac turpis egestas. Aliquam fringilla cursus purus. Nullam scelerisque neque sed sem egestas blandit. Nam nulla magna, malesuada vel, convallis in, cursus et, eros. Proin ultrices. Duis volutpat nunc sit amet metus. Aliquam erat volutpat. Nulla facilisis. Suspendisse commodo tincidunt nibh. Phasellus nulla. Integer vulputate, risus a ultricies adipiscing, enim mi tempor lorem, eget mollis lectus pede et risus. Quisque libero lacus, varius et, euismod et, commodo at, libero. Morbi accumsan laoreet ipsum. Curabitur consequat, lectus sit amet luctus vulputate, nisi sem semper erat, in consectetuer ipsum nunc id enim. Curabitur massa. Vestibulum accumsan neque et nunc. Quisque ornare tortor at risus. Nunc ac sem ut dolor dapibus gravida. Aliquam',471004),(13,13,'2016-09-03','ipsum. Curabitur consequat, lectus sit amet luctus vulputate, nisi sem','Neve','magnis dis parturient montes, nascetur ridiculus mus. Proin vel arcu eu odio tristique pharetra. Quisque ac libero nec ligula consectetuer rhoncus. Nullam velit dui, semper et, lacinia vitae, sodales at, velit. Pellentesque ultricies dignissim lacus. Aliquam rutrum lorem ac risus. Morbi metus. Vivamus euismod urna. Nullam lobortis quam a felis ullamcorper viverra. Maecenas iaculis aliquet diam. Sed diam lorem, auctor quis, tristique ac, eleifend vitae, erat. Vivamus nisi. Mauris nulla. Integer urna. Vivamus molestie dapibus ligula. Aliquam erat volutpat. Nulla dignissim. Maecenas ornare egestas ligula. Nullam feugiat placerat velit. Quisque varius. Nam porttitor scelerisque neque. Nullam nisl. Maecenas malesuada fringilla est. Mauris eu turpis. Nulla aliquet. Proin velit. Sed malesuada augue ut lacus. Nulla tincidunt, neque vitae semper egestas, urna justo faucibus lectus, a sollicitudin orci sem eget massa. Suspendisse eleifend. Cras sed leo. Cras vehicula aliquet libero. Integer in magna. Phasellus dolor elit, pellentesque a, facilisis non, bibendum sed, est. Nunc laoreet lectus quis massa. Mauris vestibulum, neque sed dictum eleifend, nunc risus varius orci, in consequat enim diam vel arcu. Curabitur ut odio vel est tempor bibendum. Donec felis orci, adipiscing non, luctus sit amet, faucibus ut, nulla. Cras eu tellus eu augue porttitor interdum. Sed auctor odio a purus. Duis elementum, dui quis accumsan convallis, ante lectus convallis est, vitae sodales nisi magna sed dui. Fusce aliquam, enim nec tempus scelerisque, lorem ipsum sodales purus, in molestie tortor nibh sit amet orci. Ut sagittis lobortis mauris. Suspendisse aliquet molestie tellus. Aenean egestas hendrerit neque. In ornare sagittis felis. Donec tempor, est ac mattis semper, dui lectus rutrum urna, nec luctus felis purus ac tellus. Suspendisse sed dolor. Fusce mi lorem, vehicula et, rutrum eu, ultrices sit amet, risus. Donec nibh enim, gravida sit amet, dapibus id, blandit at, nisi. Cum sociis natoque penatibus et magnis dis parturient montes, nascetur ridiculus mus. Proin vel nisl. Quisque fringilla euismod enim. Etiam gravida molestie arcu. Sed eu nibh vulputate mauris sagittis placerat. Cras dictum ultricies ligula. Nullam enim. Sed nulla ante, iaculis nec, eleifend non, dapibus rutrum, justo. Praesent luctus. Curabitur egestas nunc sed libero. Proin sed turpis nec mauris blandit mattis. Cras eget nisi dictum augue malesuada malesuada. Integer id magna et ipsum cursus vestibulum. Mauris magna. Duis dignissim tempor arcu. Vestibulum ut eros non enim commodo hendrerit. Donec porttitor tellus non magna. Nam ligula elit, pretium et, rutrum non, hendrerit id, ante. Nunc mauris sapien, cursus in, hendrerit',735208),(14,14,'2011-11-25','Integer in magna. Phasellus dolor elit, pellentesque a, facilisis non,','Hamilton','blandit mattis. Cras eget nisi dictum augue malesuada malesuada. Integer id magna et ipsum cursus vestibulum. Mauris magna. Duis dignissim tempor arcu. Vestibulum ut eros non enim commodo hendrerit. Donec porttitor tellus non magna. Nam ligula elit, pretium et, rutrum non, hendrerit id, ante. Nunc mauris sapien, cursus in, hendrerit consectetuer, cursus et, magna. Praesent interdum ligula eu enim. Etiam imperdiet dictum magna. Ut tincidunt orci quis lectus. Nullam suscipit, est ac facilisis facilisis, magna tellus faucibus leo, in lobortis tellus justo sit amet nulla. Donec non justo. Proin non massa non ante bibendum ullamcorper. Duis cursus, diam at pretium aliquet, metus urna convallis erat, eget tincidunt dui augue eu tellus. Phasellus elit pede, malesuada vel, venenatis vel, faucibus id, libero. Donec consectetuer mauris id sapien. Cras dolor dolor, tempus non, lacinia at, iaculis quis, pede. Praesent eu dui. Cum sociis natoque penatibus et magnis dis parturient montes, nascetur ridiculus mus. Aenean eget magna. Suspendisse tristique neque venenatis lacus. Etiam bibendum fermentum metus. Aenean sed pede nec ante blandit viverra. Donec tempus, lorem fringilla ornare placerat, orci lacus vestibulum lorem, sit amet ultricies sem magna nec quam. Curabitur vel lectus. Cum sociis natoque penatibus et magnis dis parturient montes, nascetur ridiculus mus. Donec dignissim magna a tortor. Nunc commodo auctor velit. Aliquam nisl. Nulla eu neque pellentesque massa lobortis ultrices. Vivamus rhoncus. Donec est. Nunc ullamcorper, velit in aliquet lobortis, nisi nibh lacinia orci, consectetuer euismod est arcu ac orci. Ut semper pretium neque. Morbi quis urna. Nunc quis arcu vel quam dignissim pharetra. Nam ac nulla. In tincidunt congue turpis. In condimentum. Donec at arcu. Vestibulum ante ipsum primis in faucibus orci luctus et ultrices posuere cubilia Curae; Donec tincidunt. Donec vitae erat vel pede blandit congue. In scelerisque scelerisque dui. Suspendisse ac metus vitae velit egestas lacinia. Sed congue, elit sed consequat auctor, nunc nulla vulputate dui, nec tempus mauris erat eget ipsum. Suspendisse sagittis. Nullam vitae diam. Proin dolor. Nulla semper tellus id nunc interdum feugiat. Sed nec metus facilisis lorem tristique aliquet. Phasellus fermentum convallis ligula. Donec luctus aliquet odio. Etiam ligula tortor, dictum eu, placerat eget, venenatis a, magna. Lorem ipsum dolor sit amet, consectetuer adipiscing elit. Etiam laoreet, libero et tristique pellentesque, tellus sem mollis dui, in sodales elit erat vitae risus. Duis a mi fringilla mi lacinia mattis. Integer eu lacus. Quisque imperdiet, erat nonummy ultricies ornare, elit elit fermentum risus, at fringilla',946550),(15,15,'2011-04-02','luctus sit amet, faucibus ut, nulla. Cras eu tellus eu','Risa','sit amet risus. Donec egestas. Aliquam nec enim. Nunc ut erat. Sed nunc est, mollis non, cursus non, egestas a, dui. Cras pellentesque. Sed dictum. Proin eget odio. Aliquam vulputate ullamcorper magna. Sed eu eros. Nam consequat dolor vitae dolor. Donec fringilla. Donec feugiat metus sit amet ante. Vivamus non lorem vitae odio sagittis semper. Nam tempor diam dictum sapien. Aenean massa. Integer vitae nibh. Donec est mauris, rhoncus id, mollis nec, cursus a, enim. Suspendisse aliquet, sem ut cursus luctus, ipsum leo elementum sem, vitae aliquam eros turpis non enim. Mauris quis turpis vitae purus gravida sagittis. Duis gravida. Praesent eu nulla at sem molestie sodales. Mauris blandit enim consequat purus. Maecenas libero est, congue a, aliquet vel, vulputate eu, odio. Phasellus at augue id ante dictum cursus. Nunc mauris elit, dictum eu, eleifend nec, malesuada ut, sem. Nulla interdum. Curabitur dictum. Phasellus in felis. Nulla tempor augue ac ipsum. Phasellus vitae mauris sit amet lorem semper auctor. Mauris vel turpis. Aliquam adipiscing lobortis risus. In mi pede, nonummy ut, molestie in, tempus eu, ligula. Aenean euismod mauris eu elit. Nulla facilisi. Sed neque. Sed eget lacus. Mauris non dui nec urna suscipit nonummy. Fusce fermentum fermentum arcu. Vestibulum ante ipsum primis in faucibus orci luctus et ultrices posuere cubilia Curae; Phasellus ornare. Fusce mollis. Duis sit amet diam eu dolor egestas rhoncus. Proin nisl sem, consequat nec, mollis vitae, posuere at, velit. Cras lorem lorem, luctus ut, pellentesque eget, dictum placerat, augue. Sed molestie. Sed id risus quis diam luctus lobortis. Class aptent taciti sociosqu ad litora torquent per conubia nostra, per inceptos hymenaeos. Mauris ut quam vel sapien imperdiet ornare. In faucibus. Morbi vehicula. Pellentesque tincidunt tempus risus. Donec egestas. Duis ac arcu. Nunc mauris. Morbi non sapien molestie orci tincidunt adipiscing. Mauris molestie pharetra nibh. Aliquam ornare, libero at auctor ullamcorper, nisl arcu iaculis enim, sit amet ornare lectus justo eu arcu. Morbi sit amet massa. Quisque porttitor eros nec tellus. Nunc lectus pede, ultrices a, auctor non, feugiat nec, diam. Duis mi enim, condimentum eget, volutpat ornare, facilisis eget, ipsum. Donec sollicitudin adipiscing ligula. Aenean gravida nunc sed pede. Cum sociis natoque penatibus et magnis dis parturient montes, nascetur ridiculus mus. Proin vel arcu eu odio tristique pharetra. Quisque ac libero nec ligula consectetuer rhoncus. Nullam velit dui, semper et, lacinia vitae, sodales at, velit. Pellentesque ultricies dignissim lacus. Aliquam rutrum lorem ac risus. Morbi',783158),(16,16,'2013-11-16','nisi. Cum sociis natoque penatibus et magnis dis parturient montes,','Karleigh','posuere cubilia Curae; Donec tincidunt. Donec vitae erat vel pede blandit congue. In scelerisque scelerisque dui. Suspendisse ac metus vitae velit egestas lacinia. Sed congue, elit sed consequat auctor, nunc nulla vulputate dui, nec tempus mauris erat eget ipsum. Suspendisse sagittis. Nullam vitae diam. Proin dolor. Nulla semper tellus id nunc interdum feugiat. Sed nec metus facilisis lorem tristique aliquet. Phasellus fermentum convallis ligula. Donec luctus aliquet odio. Etiam ligula tortor, dictum eu, placerat eget, venenatis a, magna. Lorem ipsum dolor sit amet, consectetuer adipiscing elit. Etiam laoreet, libero et tristique pellentesque, tellus sem mollis dui, in sodales elit erat vitae risus. Duis a mi fringilla mi lacinia mattis. Integer eu lacus. Quisque imperdiet, erat nonummy ultricies ornare, elit elit fermentum risus, at fringilla purus mauris a nunc. In at pede. Cras vulputate velit eu sem. Pellentesque ut ipsum ac mi eleifend egestas. Sed pharetra, felis eget varius ultrices, mauris ipsum porta elit, a feugiat tellus lorem eu metus. In lorem. Donec elementum, lorem ut aliquam iaculis, lacus pede sagittis augue, eu tempor erat neque non quam. Pellentesque habitant morbi tristique senectus et netus et malesuada fames ac turpis egestas. Aliquam fringilla cursus purus. Nullam scelerisque neque sed sem egestas blandit. Nam nulla magna, malesuada vel, convallis in, cursus et, eros. Proin ultrices. Duis volutpat nunc sit amet metus. Aliquam erat volutpat. Nulla facilisis. Suspendisse commodo tincidunt nibh. Phasellus nulla. Integer vulputate, risus a ultricies adipiscing, enim mi tempor lorem, eget mollis lectus pede et risus. Quisque libero lacus, varius et, euismod et, commodo at, libero. Morbi accumsan laoreet ipsum. Curabitur consequat, lectus sit amet luctus vulputate, nisi sem semper erat, in consectetuer ipsum nunc id enim. Curabitur massa. Vestibulum accumsan neque et nunc. Quisque ornare tortor at risus. Nunc ac sem ut dolor dapibus gravida. Aliquam tincidunt, nunc ac mattis ornare, lectus ante dictum mi, ac mattis velit justo nec ante. Maecenas mi felis, adipiscing fringilla, porttitor vulputate, posuere vulputate, lacus. Cras interdum. Nunc sollicitudin commodo ipsum. Suspendisse non leo. Vivamus nibh dolor, nonummy ac, feugiat non, lobortis quis, pede. Suspendisse dui. Fusce diam nunc, ullamcorper eu, euismod ac, fermentum vel, mauris. Integer sem elit, pharetra ut, pharetra sed, hendrerit a, arcu. Sed et libero. Proin mi. Aliquam gravida mauris ut mi. Duis risus odio, auctor vitae, aliquet nec, imperdiet nec, leo. Morbi neque tellus, imperdiet non, vestibulum nec, euismod in, dolor. Fusce feugiat. Lorem ipsum dolor sit amet,',113209),(17,17,'2011-05-20','ultrices posuere cubilia Curae; Phasellus ornare. Fusce mollis. Duis sit','Scott','ornare, libero at auctor ullamcorper, nisl arcu iaculis enim, sit amet ornare lectus justo eu arcu. Morbi sit amet massa. Quisque porttitor eros nec tellus. Nunc lectus pede, ultrices a, auctor non, feugiat nec, diam. Duis mi enim, condimentum eget, volutpat ornare, facilisis eget, ipsum. Donec sollicitudin adipiscing ligula. Aenean gravida nunc sed pede. Cum sociis natoque penatibus et magnis dis parturient montes, nascetur ridiculus mus. Proin vel arcu eu odio tristique pharetra. Quisque ac libero nec ligula consectetuer rhoncus. Nullam velit dui, semper et, lacinia vitae, sodales at, velit. Pellentesque ultricies dignissim lacus. Aliquam rutrum lorem ac risus. Morbi metus. Vivamus euismod urna. Nullam lobortis quam a felis ullamcorper viverra. Maecenas iaculis aliquet diam. Sed diam lorem, auctor quis, tristique ac, eleifend vitae, erat. Vivamus nisi. Mauris nulla. Integer urna. Vivamus molestie dapibus ligula. Aliquam erat volutpat. Nulla dignissim. Maecenas ornare egestas ligula. Nullam feugiat placerat velit. Quisque varius. Nam porttitor scelerisque neque. Nullam nisl. Maecenas malesuada fringilla est. Mauris eu turpis. Nulla aliquet. Proin velit. Sed malesuada augue ut lacus. Nulla tincidunt, neque vitae semper egestas, urna justo faucibus lectus, a sollicitudin orci sem eget massa. Suspendisse eleifend. Cras sed leo. Cras vehicula aliquet libero. Integer in magna. Phasellus dolor elit, pellentesque a, facilisis non, bibendum sed, est. Nunc laoreet lectus quis massa. Mauris vestibulum, neque sed dictum eleifend, nunc risus varius orci, in consequat enim diam vel arcu. Curabitur ut odio vel est tempor bibendum. Donec felis orci, adipiscing non, luctus sit amet, faucibus ut, nulla. Cras eu tellus eu augue porttitor interdum. Sed auctor odio a purus. Duis elementum, dui quis accumsan convallis, ante lectus convallis est, vitae sodales nisi magna sed dui. Fusce aliquam, enim nec tempus scelerisque, lorem ipsum sodales purus, in molestie tortor nibh sit amet orci. Ut sagittis lobortis mauris. Suspendisse aliquet molestie tellus. Aenean egestas hendrerit neque. In ornare sagittis felis. Donec tempor, est ac mattis semper, dui lectus rutrum urna, nec luctus felis purus ac tellus. Suspendisse sed dolor. Fusce mi lorem, vehicula et, rutrum eu, ultrices sit amet, risus. Donec nibh enim, gravida sit amet, dapibus id, blandit at, nisi. Cum sociis natoque penatibus et magnis dis parturient montes, nascetur ridiculus mus. Proin vel nisl. Quisque fringilla euismod enim. Etiam gravida molestie arcu. Sed eu nibh vulputate mauris sagittis placerat. Cras dictum ultricies ligula. Nullam enim. Sed nulla ante, iaculis nec, eleifend non, dapibus rutrum, justo. Praesent luctus. Curabitur',366798),(18,18,'2014-01-30','lorem lorem, luctus ut, pellentesque eget, dictum placerat, augue. Sed','Jerome','quis urna. Nunc quis arcu vel quam dignissim pharetra. Nam ac nulla. In tincidunt congue turpis. In condimentum. Donec at arcu. Vestibulum ante ipsum primis in faucibus orci luctus et ultrices posuere cubilia Curae; Donec tincidunt. Donec vitae erat vel pede blandit congue. In scelerisque scelerisque dui. Suspendisse ac metus vitae velit egestas lacinia. Sed congue, elit sed consequat auctor, nunc nulla vulputate dui, nec tempus mauris erat eget ipsum. Suspendisse sagittis. Nullam vitae diam. Proin dolor. Nulla semper tellus id nunc interdum feugiat. Sed nec metus facilisis lorem tristique aliquet. Phasellus fermentum convallis ligula. Donec luctus aliquet odio. Etiam ligula tortor, dictum eu, placerat eget, venenatis a, magna. Lorem ipsum dolor sit amet, consectetuer adipiscing elit. Etiam laoreet, libero et tristique pellentesque, tellus sem mollis dui, in sodales elit erat vitae risus. Duis a mi fringilla mi lacinia mattis. Integer eu lacus. Quisque imperdiet, erat nonummy ultricies ornare, elit elit fermentum risus, at fringilla purus mauris a nunc. In at pede. Cras vulputate velit eu sem. Pellentesque ut ipsum ac mi eleifend egestas. Sed pharetra, felis eget varius ultrices, mauris ipsum porta elit, a feugiat tellus lorem eu metus. In lorem. Donec elementum, lorem ut aliquam iaculis, lacus pede sagittis augue, eu tempor erat neque non quam. Pellentesque habitant morbi tristique senectus et netus et malesuada fames ac turpis egestas. Aliquam fringilla cursus purus. Nullam scelerisque neque sed sem egestas blandit. Nam nulla magna, malesuada vel, convallis in, cursus et, eros. Proin ultrices. Duis volutpat nunc sit amet metus. Aliquam erat volutpat. Nulla facilisis. Suspendisse commodo tincidunt nibh. Phasellus nulla. Integer vulputate, risus a ultricies adipiscing, enim mi tempor lorem, eget mollis lectus pede et risus. Quisque libero lacus, varius et, euismod et, commodo at, libero. Morbi accumsan laoreet ipsum. Curabitur consequat, lectus sit amet luctus vulputate, nisi sem semper erat, in consectetuer ipsum nunc id enim. Curabitur massa. Vestibulum accumsan neque et nunc. Quisque ornare tortor at risus. Nunc ac sem ut dolor dapibus gravida. Aliquam tincidunt, nunc ac mattis ornare, lectus ante dictum mi, ac mattis velit justo nec ante. Maecenas mi felis, adipiscing fringilla, porttitor vulputate, posuere vulputate, lacus. Cras interdum. Nunc sollicitudin commodo ipsum. Suspendisse non leo. Vivamus nibh dolor, nonummy ac, feugiat non, lobortis quis, pede. Suspendisse dui. Fusce diam nunc, ullamcorper eu, euismod ac, fermentum vel, mauris. Integer sem elit, pharetra ut, pharetra sed, hendrerit a, arcu. Sed et libero. Proin mi. Aliquam',427876),(19,19,'2020-08-06','mauris. Integer sem elit, pharetra ut, pharetra sed, hendrerit a,','Perry','per conubia nostra, per inceptos hymenaeos. Mauris ut quam vel sapien imperdiet ornare. In faucibus. Morbi vehicula. Pellentesque tincidunt tempus risus. Donec egestas. Duis ac arcu. Nunc mauris. Morbi non sapien molestie orci tincidunt adipiscing. Mauris molestie pharetra nibh. Aliquam ornare, libero at auctor ullamcorper, nisl arcu iaculis enim, sit amet ornare lectus justo eu arcu. Morbi sit amet massa. Quisque porttitor eros nec tellus. Nunc lectus pede, ultrices a, auctor non, feugiat nec, diam. Duis mi enim, condimentum eget, volutpat ornare, facilisis eget, ipsum. Donec sollicitudin adipiscing ligula. Aenean gravida nunc sed pede. Cum sociis natoque penatibus et magnis dis parturient montes, nascetur ridiculus mus. Proin vel arcu eu odio tristique pharetra. Quisque ac libero nec ligula consectetuer rhoncus. Nullam velit dui, semper et, lacinia vitae, sodales at, velit. Pellentesque ultricies dignissim lacus. Aliquam rutrum lorem ac risus. Morbi metus. Vivamus euismod urna. Nullam lobortis quam a felis ullamcorper viverra. Maecenas iaculis aliquet diam. Sed diam lorem, auctor quis, tristique ac, eleifend vitae, erat. Vivamus nisi. Mauris nulla. Integer urna. Vivamus molestie dapibus ligula. Aliquam erat volutpat. Nulla dignissim. Maecenas ornare egestas ligula. Nullam feugiat placerat velit. Quisque varius. Nam porttitor scelerisque neque. Nullam nisl. Maecenas malesuada fringilla est. Mauris eu turpis. Nulla aliquet. Proin velit. Sed malesuada augue ut lacus. Nulla tincidunt, neque vitae semper egestas, urna justo faucibus lectus, a sollicitudin orci sem eget massa. Suspendisse eleifend. Cras sed leo. Cras vehicula aliquet libero. Integer in magna. Phasellus dolor elit, pellentesque a, facilisis non, bibendum sed, est. Nunc laoreet lectus quis massa. Mauris vestibulum, neque sed dictum eleifend, nunc risus varius orci, in consequat enim diam vel arcu. Curabitur ut odio vel est tempor bibendum. Donec felis orci, adipiscing non, luctus sit amet, faucibus ut, nulla. Cras eu tellus eu augue porttitor interdum. Sed auctor odio a purus. Duis elementum, dui quis accumsan convallis, ante lectus convallis est, vitae sodales nisi magna sed dui. Fusce aliquam, enim nec tempus scelerisque, lorem ipsum sodales purus, in molestie tortor nibh sit amet orci. Ut sagittis lobortis mauris. Suspendisse aliquet molestie tellus. Aenean egestas hendrerit neque. In ornare sagittis felis. Donec tempor, est ac mattis semper, dui lectus rutrum urna, nec luctus felis purus ac tellus. Suspendisse sed dolor. Fusce mi lorem, vehicula et, rutrum eu, ultrices sit amet, risus. Donec nibh enim, gravida sit amet, dapibus id, blandit at, nisi. Cum sociis natoque penatibus et magnis dis parturient montes,',949357),(20,20,'2019-10-02','erat volutpat. Nulla dignissim. Maecenas ornare egestas ligula. Nullam feugiat','Sigourney','molestie in, tempus eu, ligula. Aenean euismod mauris eu elit. Nulla facilisi. Sed neque. Sed eget lacus. Mauris non dui nec urna suscipit nonummy. Fusce fermentum fermentum arcu. Vestibulum ante ipsum primis in faucibus orci luctus et ultrices posuere cubilia Curae; Phasellus ornare. Fusce mollis. Duis sit amet diam eu dolor egestas rhoncus. Proin nisl sem, consequat nec, mollis vitae, posuere at, velit. Cras lorem lorem, luctus ut, pellentesque eget, dictum placerat, augue. Sed molestie. Sed id risus quis diam luctus lobortis. Class aptent taciti sociosqu ad litora torquent per conubia nostra, per inceptos hymenaeos. Mauris ut quam vel sapien imperdiet ornare. In faucibus. Morbi vehicula. Pellentesque tincidunt tempus risus. Donec egestas. Duis ac arcu. Nunc mauris. Morbi non sapien molestie orci tincidunt adipiscing. Mauris molestie pharetra nibh. Aliquam ornare, libero at auctor ullamcorper, nisl arcu iaculis enim, sit amet ornare lectus justo eu arcu. Morbi sit amet massa. Quisque porttitor eros nec tellus. Nunc lectus pede, ultrices a, auctor non, feugiat nec, diam. Duis mi enim, condimentum eget, volutpat ornare, facilisis eget, ipsum. Donec sollicitudin adipiscing ligula. Aenean gravida nunc sed pede. Cum sociis natoque penatibus et magnis dis parturient montes, nascetur ridiculus mus. Proin vel arcu eu odio tristique pharetra. Quisque ac libero nec ligula consectetuer rhoncus. Nullam velit dui, semper et, lacinia vitae, sodales at, velit. Pellentesque ultricies dignissim lacus. Aliquam rutrum lorem ac risus. Morbi metus. Vivamus euismod urna. Nullam lobortis quam a felis ullamcorper viverra. Maecenas iaculis aliquet diam. Sed diam lorem, auctor quis, tristique ac, eleifend vitae, erat. Vivamus nisi. Mauris nulla. Integer urna. Vivamus molestie dapibus ligula. Aliquam erat volutpat. Nulla dignissim. Maecenas ornare egestas ligula. Nullam feugiat placerat velit. Quisque varius. Nam porttitor scelerisque neque. Nullam nisl. Maecenas malesuada fringilla est. Mauris eu turpis. Nulla aliquet. Proin velit. Sed malesuada augue ut lacus. Nulla tincidunt, neque vitae semper egestas, urna justo faucibus lectus, a sollicitudin orci sem eget massa. Suspendisse eleifend. Cras sed leo. Cras vehicula aliquet libero. Integer in magna. Phasellus dolor elit, pellentesque a, facilisis non, bibendum sed, est. Nunc laoreet lectus quis massa. Mauris vestibulum, neque sed dictum eleifend, nunc risus varius orci, in consequat enim diam vel arcu. Curabitur ut odio vel est tempor bibendum. Donec felis orci, adipiscing non, luctus sit amet, faucibus ut, nulla. Cras eu tellus eu augue porttitor interdum. Sed auctor odio a purus. Duis elementum, dui quis accumsan convallis, ante lectus convallis est,',661974);
INSERT INTO articles([id],[number],[date],[title],[author],[content],[views]) VALUES(21,21,'2016-11-23','elit, a feugiat tellus lorem eu metus. In lorem. Donec','Aretha','rhoncus. Nullam velit dui, semper et, lacinia vitae, sodales at, velit. Pellentesque ultricies dignissim lacus. Aliquam rutrum lorem ac risus. Morbi metus. Vivamus euismod urna. Nullam lobortis quam a felis ullamcorper viverra. Maecenas iaculis aliquet diam. Sed diam lorem, auctor quis, tristique ac, eleifend vitae, erat. Vivamus nisi. Mauris nulla. Integer urna. Vivamus molestie dapibus ligula. Aliquam erat volutpat. Nulla dignissim. Maecenas ornare egestas ligula. Nullam feugiat placerat velit. Quisque varius. Nam porttitor scelerisque neque. Nullam nisl. Maecenas malesuada fringilla est. Mauris eu turpis. Nulla aliquet. Proin velit. Sed malesuada augue ut lacus. Nulla tincidunt, neque vitae semper egestas, urna justo faucibus lectus, a sollicitudin orci sem eget massa. Suspendisse eleifend. Cras sed leo. Cras vehicula aliquet libero. Integer in magna. Phasellus dolor elit, pellentesque a, facilisis non, bibendum sed, est. Nunc laoreet lectus quis massa. Mauris vestibulum, neque sed dictum eleifend, nunc risus varius orci, in consequat enim diam vel arcu. Curabitur ut odio vel est tempor bibendum. Donec felis orci, adipiscing non, luctus sit amet, faucibus ut, nulla. Cras eu tellus eu augue porttitor interdum. Sed auctor odio a purus. Duis elementum, dui quis accumsan convallis, ante lectus convallis est, vitae sodales nisi magna sed dui. Fusce aliquam, enim nec tempus scelerisque, lorem ipsum sodales purus, in molestie tortor nibh sit amet orci. Ut sagittis lobortis mauris. Suspendisse aliquet molestie tellus. Aenean egestas hendrerit neque. In ornare sagittis felis. Donec tempor, est ac mattis semper, dui lectus rutrum urna, nec luctus felis purus ac tellus. Suspendisse sed dolor. Fusce mi lorem, vehicula et, rutrum eu, ultrices sit amet, risus. Donec nibh enim, gravida sit amet, dapibus id, blandit at, nisi. Cum sociis natoque penatibus et magnis dis parturient montes, nascetur ridiculus mus. Proin vel nisl. Quisque fringilla euismod enim. Etiam gravida molestie arcu. Sed eu nibh vulputate mauris sagittis placerat. Cras dictum ultricies ligula. Nullam enim. Sed nulla ante, iaculis nec, eleifend non, dapibus rutrum, justo. Praesent luctus. Curabitur egestas nunc sed libero. Proin sed turpis nec mauris blandit mattis. Cras eget nisi dictum augue malesuada malesuada. Integer id magna et ipsum cursus vestibulum. Mauris magna. Duis dignissim tempor arcu. Vestibulum ut eros non enim commodo hendrerit. Donec porttitor tellus non magna. Nam ligula elit, pretium et, rutrum non, hendrerit id, ante. Nunc mauris sapien, cursus in, hendrerit consectetuer, cursus et, magna. Praesent interdum ligula eu enim. Etiam imperdiet dictum magna. Ut tincidunt orci quis lectus. Nullam suscipit,',211068),(22,22,'2012-12-10','adipiscing. Mauris molestie pharetra nibh. Aliquam ornare, libero at auctor','Lucas','In condimentum. Donec at arcu. Vestibulum ante ipsum primis in faucibus orci luctus et ultrices posuere cubilia Curae; Donec tincidunt. Donec vitae erat vel pede blandit congue. In scelerisque scelerisque dui. Suspendisse ac metus vitae velit egestas lacinia. Sed congue, elit sed consequat auctor, nunc nulla vulputate dui, nec tempus mauris erat eget ipsum. Suspendisse sagittis. Nullam vitae diam. Proin dolor. Nulla semper tellus id nunc interdum feugiat. Sed nec metus facilisis lorem tristique aliquet. Phasellus fermentum convallis ligula. Donec luctus aliquet odio. Etiam ligula tortor, dictum eu, placerat eget, venenatis a, magna. Lorem ipsum dolor sit amet, consectetuer adipiscing elit. Etiam laoreet, libero et tristique pellentesque, tellus sem mollis dui, in sodales elit erat vitae risus. Duis a mi fringilla mi lacinia mattis. Integer eu lacus. Quisque imperdiet, erat nonummy ultricies ornare, elit elit fermentum risus, at fringilla purus mauris a nunc. In at pede. Cras vulputate velit eu sem. Pellentesque ut ipsum ac mi eleifend egestas. Sed pharetra, felis eget varius ultrices, mauris ipsum porta elit, a feugiat tellus lorem eu metus. In lorem. Donec elementum, lorem ut aliquam iaculis, lacus pede sagittis augue, eu tempor erat neque non quam. Pellentesque habitant morbi tristique senectus et netus et malesuada fames ac turpis egestas. Aliquam fringilla cursus purus. Nullam scelerisque neque sed sem egestas blandit. Nam nulla magna, malesuada vel, convallis in, cursus et, eros. Proin ultrices. Duis volutpat nunc sit amet metus. Aliquam erat volutpat. Nulla facilisis. Suspendisse commodo tincidunt nibh. Phasellus nulla. Integer vulputate, risus a ultricies adipiscing, enim mi tempor lorem, eget mollis lectus pede et risus. Quisque libero lacus, varius et, euismod et, commodo at, libero. Morbi accumsan laoreet ipsum. Curabitur consequat, lectus sit amet luctus vulputate, nisi sem semper erat, in consectetuer ipsum nunc id enim. Curabitur massa. Vestibulum accumsan neque et nunc. Quisque ornare tortor at risus. Nunc ac sem ut dolor dapibus gravida. Aliquam tincidunt, nunc ac mattis ornare, lectus ante dictum mi, ac mattis velit justo nec ante. Maecenas mi felis, adipiscing fringilla, porttitor vulputate, posuere vulputate, lacus. Cras interdum. Nunc sollicitudin commodo ipsum. Suspendisse non leo. Vivamus nibh dolor, nonummy ac, feugiat non, lobortis quis, pede. Suspendisse dui. Fusce diam nunc, ullamcorper eu, euismod ac, fermentum vel, mauris. Integer sem elit, pharetra ut, pharetra sed, hendrerit a, arcu. Sed et libero. Proin mi. Aliquam gravida mauris ut mi. Duis risus odio, auctor vitae, aliquet nec, imperdiet nec, leo. Morbi neque',591847),(23,23,'2020-08-28','Phasellus libero mauris, aliquam eu, accumsan sed, facilisis vitae, orci.','Candace','sem ut cursus luctus, ipsum leo elementum sem, vitae aliquam eros turpis non enim. Mauris quis turpis vitae purus gravida sagittis. Duis gravida. Praesent eu nulla at sem molestie sodales. Mauris blandit enim consequat purus. Maecenas libero est, congue a, aliquet vel, vulputate eu, odio. Phasellus at augue id ante dictum cursus. Nunc mauris elit, dictum eu, eleifend nec, malesuada ut, sem. Nulla interdum. Curabitur dictum. Phasellus in felis. Nulla tempor augue ac ipsum. Phasellus vitae mauris sit amet lorem semper auctor. Mauris vel turpis. Aliquam adipiscing lobortis risus. In mi pede, nonummy ut, molestie in, tempus eu, ligula. Aenean euismod mauris eu elit. Nulla facilisi. Sed neque. Sed eget lacus. Mauris non dui nec urna suscipit nonummy. Fusce fermentum fermentum arcu. Vestibulum ante ipsum primis in faucibus orci luctus et ultrices posuere cubilia Curae; Phasellus ornare. Fusce mollis. Duis sit amet diam eu dolor egestas rhoncus. Proin nisl sem, consequat nec, mollis vitae, posuere at, velit. Cras lorem lorem, luctus ut, pellentesque eget, dictum placerat, augue. Sed molestie. Sed id risus quis diam luctus lobortis. Class aptent taciti sociosqu ad litora torquent per conubia nostra, per inceptos hymenaeos. Mauris ut quam vel sapien imperdiet ornare. In faucibus. Morbi vehicula. Pellentesque tincidunt tempus risus. Donec egestas. Duis ac arcu. Nunc mauris. Morbi non sapien molestie orci tincidunt adipiscing. Mauris molestie pharetra nibh. Aliquam ornare, libero at auctor ullamcorper, nisl arcu iaculis enim, sit amet ornare lectus justo eu arcu. Morbi sit amet massa. Quisque porttitor eros nec tellus. Nunc lectus pede, ultrices a, auctor non, feugiat nec, diam. Duis mi enim, condimentum eget, volutpat ornare, facilisis eget, ipsum. Donec sollicitudin adipiscing ligula. Aenean gravida nunc sed pede. Cum sociis natoque penatibus et magnis dis parturient montes, nascetur ridiculus mus. Proin vel arcu eu odio tristique pharetra. Quisque ac libero nec ligula consectetuer rhoncus. Nullam velit dui, semper et, lacinia vitae, sodales at, velit. Pellentesque ultricies dignissim lacus. Aliquam rutrum lorem ac risus. Morbi metus. Vivamus euismod urna. Nullam lobortis quam a felis ullamcorper viverra. Maecenas iaculis aliquet diam. Sed diam lorem, auctor quis, tristique ac, eleifend vitae, erat. Vivamus nisi. Mauris nulla. Integer urna. Vivamus molestie dapibus ligula. Aliquam erat volutpat. Nulla dignissim. Maecenas ornare egestas ligula. Nullam feugiat placerat velit. Quisque varius. Nam porttitor scelerisque neque. Nullam nisl. Maecenas malesuada fringilla est. Mauris eu turpis. Nulla aliquet. Proin velit. Sed malesuada augue ut lacus. Nulla tincidunt, neque vitae semper',909989),(24,24,'2017-06-09','et tristique pellentesque, tellus sem mollis dui, in sodales elit','Rudyard','Phasellus dapibus quam quis diam. Pellentesque habitant morbi tristique senectus et netus et malesuada fames ac turpis egestas. Fusce aliquet magna a neque. Nullam ut nisi a odio semper cursus. Integer mollis. Integer tincidunt aliquam arcu. Aliquam ultrices iaculis odio. Nam interdum enim non nisi. Aenean eget metus. In nec orci. Donec nibh. Quisque nonummy ipsum non arcu. Vivamus sit amet risus. Donec egestas. Aliquam nec enim. Nunc ut erat. Sed nunc est, mollis non, cursus non, egestas a, dui. Cras pellentesque. Sed dictum. Proin eget odio. Aliquam vulputate ullamcorper magna. Sed eu eros. Nam consequat dolor vitae dolor. Donec fringilla. Donec feugiat metus sit amet ante. Vivamus non lorem vitae odio sagittis semper. Nam tempor diam dictum sapien. Aenean massa. Integer vitae nibh. Donec est mauris, rhoncus id, mollis nec, cursus a, enim. Suspendisse aliquet, sem ut cursus luctus, ipsum leo elementum sem, vitae aliquam eros turpis non enim. Mauris quis turpis vitae purus gravida sagittis. Duis gravida. Praesent eu nulla at sem molestie sodales. Mauris blandit enim consequat purus. Maecenas libero est, congue a, aliquet vel, vulputate eu, odio. Phasellus at augue id ante dictum cursus. Nunc mauris elit, dictum eu, eleifend nec, malesuada ut, sem. Nulla interdum. Curabitur dictum. Phasellus in felis. Nulla tempor augue ac ipsum. Phasellus vitae mauris sit amet lorem semper auctor. Mauris vel turpis. Aliquam adipiscing lobortis risus. In mi pede, nonummy ut, molestie in, tempus eu, ligula. Aenean euismod mauris eu elit. Nulla facilisi. Sed neque. Sed eget lacus. Mauris non dui nec urna suscipit nonummy. Fusce fermentum fermentum arcu. Vestibulum ante ipsum primis in faucibus orci luctus et ultrices posuere cubilia Curae; Phasellus ornare. Fusce mollis. Duis sit amet diam eu dolor egestas rhoncus. Proin nisl sem, consequat nec, mollis vitae, posuere at, velit. Cras lorem lorem, luctus ut, pellentesque eget, dictum placerat, augue. Sed molestie. Sed id risus quis diam luctus lobortis. Class aptent taciti sociosqu ad litora torquent per conubia nostra, per inceptos hymenaeos. Mauris ut quam vel sapien imperdiet ornare. In faucibus. Morbi vehicula. Pellentesque tincidunt tempus risus. Donec egestas. Duis ac arcu. Nunc mauris. Morbi non sapien molestie orci tincidunt adipiscing. Mauris molestie pharetra nibh. Aliquam ornare, libero at auctor ullamcorper, nisl arcu iaculis enim, sit amet ornare lectus justo eu arcu. Morbi sit amet massa. Quisque porttitor eros nec tellus. Nunc lectus pede, ultrices a, auctor non, feugiat nec, diam. Duis mi enim, condimentum eget, volutpat',532606),(25,25,'2010-01-15','a sollicitudin orci sem eget massa. Suspendisse eleifend. Cras sed','Ruth','Aenean euismod mauris eu elit. Nulla facilisi. Sed neque. Sed eget lacus. Mauris non dui nec urna suscipit nonummy. Fusce fermentum fermentum arcu. Vestibulum ante ipsum primis in faucibus orci luctus et ultrices posuere cubilia Curae; Phasellus ornare. Fusce mollis. Duis sit amet diam eu dolor egestas rhoncus. Proin nisl sem, consequat nec, mollis vitae, posuere at, velit. Cras lorem lorem, luctus ut, pellentesque eget, dictum placerat, augue. Sed molestie. Sed id risus quis diam luctus lobortis. Class aptent taciti sociosqu ad litora torquent per conubia nostra, per inceptos hymenaeos. Mauris ut quam vel sapien imperdiet ornare. In faucibus. Morbi vehicula. Pellentesque tincidunt tempus risus. Donec egestas. Duis ac arcu. Nunc mauris. Morbi non sapien molestie orci tincidunt adipiscing. Mauris molestie pharetra nibh. Aliquam ornare, libero at auctor ullamcorper, nisl arcu iaculis enim, sit amet ornare lectus justo eu arcu. Morbi sit amet massa. Quisque porttitor eros nec tellus. Nunc lectus pede, ultrices a, auctor non, feugiat nec, diam. Duis mi enim, condimentum eget, volutpat ornare, facilisis eget, ipsum. Donec sollicitudin adipiscing ligula. Aenean gravida nunc sed pede. Cum sociis natoque penatibus et magnis dis parturient montes, nascetur ridiculus mus. Proin vel arcu eu odio tristique pharetra. Quisque ac libero nec ligula consectetuer rhoncus. Nullam velit dui, semper et, lacinia vitae, sodales at, velit. Pellentesque ultricies dignissim lacus. Aliquam rutrum lorem ac risus. Morbi metus. Vivamus euismod urna. Nullam lobortis quam a felis ullamcorper viverra. Maecenas iaculis aliquet diam. Sed diam lorem, auctor quis, tristique ac, eleifend vitae, erat. Vivamus nisi. Mauris nulla. Integer urna. Vivamus molestie dapibus ligula. Aliquam erat volutpat. Nulla dignissim. Maecenas ornare egestas ligula. Nullam feugiat placerat velit. Quisque varius. Nam porttitor scelerisque neque. Nullam nisl. Maecenas malesuada fringilla est. Mauris eu turpis. Nulla aliquet. Proin velit. Sed malesuada augue ut lacus. Nulla tincidunt, neque vitae semper egestas, urna justo faucibus lectus, a sollicitudin orci sem eget massa. Suspendisse eleifend. Cras sed leo. Cras vehicula aliquet libero. Integer in magna. Phasellus dolor elit, pellentesque a, facilisis non, bibendum sed, est. Nunc laoreet lectus quis massa. Mauris vestibulum, neque sed dictum eleifend, nunc risus varius orci, in consequat enim diam vel arcu. Curabitur ut odio vel est tempor bibendum. Donec felis orci, adipiscing non, luctus sit amet, faucibus ut, nulla. Cras eu tellus eu augue porttitor interdum. Sed auctor odio a purus. Duis elementum, dui quis accumsan convallis, ante lectus convallis est, vitae sodales nisi magna sed',641171),(26,26,'2013-12-28','Nulla facilisis. Suspendisse commodo tincidunt nibh. Phasellus nulla. Integer vulputate,','Dalton','pede blandit congue. In scelerisque scelerisque dui. Suspendisse ac metus vitae velit egestas lacinia. Sed congue, elit sed consequat auctor, nunc nulla vulputate dui, nec tempus mauris erat eget ipsum. Suspendisse sagittis. Nullam vitae diam. Proin dolor. Nulla semper tellus id nunc interdum feugiat. Sed nec metus facilisis lorem tristique aliquet. Phasellus fermentum convallis ligula. Donec luctus aliquet odio. Etiam ligula tortor, dictum eu, placerat eget, venenatis a, magna. Lorem ipsum dolor sit amet, consectetuer adipiscing elit. Etiam laoreet, libero et tristique pellentesque, tellus sem mollis dui, in sodales elit erat vitae risus. Duis a mi fringilla mi lacinia mattis. Integer eu lacus. Quisque imperdiet, erat nonummy ultricies ornare, elit elit fermentum risus, at fringilla purus mauris a nunc. In at pede. Cras vulputate velit eu sem. Pellentesque ut ipsum ac mi eleifend egestas. Sed pharetra, felis eget varius ultrices, mauris ipsum porta elit, a feugiat tellus lorem eu metus. In lorem. Donec elementum, lorem ut aliquam iaculis, lacus pede sagittis augue, eu tempor erat neque non quam. Pellentesque habitant morbi tristique senectus et netus et malesuada fames ac turpis egestas. Aliquam fringilla cursus purus. Nullam scelerisque neque sed sem egestas blandit. Nam nulla magna, malesuada vel, convallis in, cursus et, eros. Proin ultrices. Duis volutpat nunc sit amet metus. Aliquam erat volutpat. Nulla facilisis. Suspendisse commodo tincidunt nibh. Phasellus nulla. Integer vulputate, risus a ultricies adipiscing, enim mi tempor lorem, eget mollis lectus pede et risus. Quisque libero lacus, varius et, euismod et, commodo at, libero. Morbi accumsan laoreet ipsum. Curabitur consequat, lectus sit amet luctus vulputate, nisi sem semper erat, in consectetuer ipsum nunc id enim. Curabitur massa. Vestibulum accumsan neque et nunc. Quisque ornare tortor at risus. Nunc ac sem ut dolor dapibus gravida. Aliquam tincidunt, nunc ac mattis ornare, lectus ante dictum mi, ac mattis velit justo nec ante. Maecenas mi felis, adipiscing fringilla, porttitor vulputate, posuere vulputate, lacus. Cras interdum. Nunc sollicitudin commodo ipsum. Suspendisse non leo. Vivamus nibh dolor, nonummy ac, feugiat non, lobortis quis, pede. Suspendisse dui. Fusce diam nunc, ullamcorper eu, euismod ac, fermentum vel, mauris. Integer sem elit, pharetra ut, pharetra sed, hendrerit a, arcu. Sed et libero. Proin mi. Aliquam gravida mauris ut mi. Duis risus odio, auctor vitae, aliquet nec, imperdiet nec, leo. Morbi neque tellus, imperdiet non, vestibulum nec, euismod in, dolor. Fusce feugiat. Lorem ipsum dolor sit amet, consectetuer adipiscing elit. Aliquam auctor, velit eget laoreet posuere,',147805),(27,27,'2020-07-07','vestibulum lorem, sit amet ultricies sem magna nec quam. Curabitur','Isaac','sociis natoque penatibus et magnis dis parturient montes, nascetur ridiculus mus. Proin vel nisl. Quisque fringilla euismod enim. Etiam gravida molestie arcu. Sed eu nibh vulputate mauris sagittis placerat. Cras dictum ultricies ligula. Nullam enim. Sed nulla ante, iaculis nec, eleifend non, dapibus rutrum, justo. Praesent luctus. Curabitur egestas nunc sed libero. Proin sed turpis nec mauris blandit mattis. Cras eget nisi dictum augue malesuada malesuada. Integer id magna et ipsum cursus vestibulum. Mauris magna. Duis dignissim tempor arcu. Vestibulum ut eros non enim commodo hendrerit. Donec porttitor tellus non magna. Nam ligula elit, pretium et, rutrum non, hendrerit id, ante. Nunc mauris sapien, cursus in, hendrerit consectetuer, cursus et, magna. Praesent interdum ligula eu enim. Etiam imperdiet dictum magna. Ut tincidunt orci quis lectus. Nullam suscipit, est ac facilisis facilisis, magna tellus faucibus leo, in lobortis tellus justo sit amet nulla. Donec non justo. Proin non massa non ante bibendum ullamcorper. Duis cursus, diam at pretium aliquet, metus urna convallis erat, eget tincidunt dui augue eu tellus. Phasellus elit pede, malesuada vel, venenatis vel, faucibus id, libero. Donec consectetuer mauris id sapien. Cras dolor dolor, tempus non, lacinia at, iaculis quis, pede. Praesent eu dui. Cum sociis natoque penatibus et magnis dis parturient montes, nascetur ridiculus mus. Aenean eget magna. Suspendisse tristique neque venenatis lacus. Etiam bibendum fermentum metus. Aenean sed pede nec ante blandit viverra. Donec tempus, lorem fringilla ornare placerat, orci lacus vestibulum lorem, sit amet ultricies sem magna nec quam. Curabitur vel lectus. Cum sociis natoque penatibus et magnis dis parturient montes, nascetur ridiculus mus. Donec dignissim magna a tortor. Nunc commodo auctor velit. Aliquam nisl. Nulla eu neque pellentesque massa lobortis ultrices. Vivamus rhoncus. Donec est. Nunc ullamcorper, velit in aliquet lobortis, nisi nibh lacinia orci, consectetuer euismod est arcu ac orci. Ut semper pretium neque. Morbi quis urna. Nunc quis arcu vel quam dignissim pharetra. Nam ac nulla. In tincidunt congue turpis. In condimentum. Donec at arcu. Vestibulum ante ipsum primis in faucibus orci luctus et ultrices posuere cubilia Curae; Donec tincidunt. Donec vitae erat vel pede blandit congue. In scelerisque scelerisque dui. Suspendisse ac metus vitae velit egestas lacinia. Sed congue, elit sed consequat auctor, nunc nulla vulputate dui, nec tempus mauris erat eget ipsum. Suspendisse sagittis. Nullam vitae diam. Proin dolor. Nulla semper tellus id nunc interdum feugiat. Sed nec metus facilisis lorem tristique aliquet. Phasellus fermentum convallis ligula. Donec luctus aliquet',509117),(28,28,'2013-03-03','Vestibulum ante ipsum primis in faucibus orci luctus et ultrices','Chandler','semper rutrum. Fusce dolor quam, elementum at, egestas a, scelerisque sed, sapien. Nunc pulvinar arcu et pede. Nunc sed orci lobortis augue scelerisque mollis. Phasellus libero mauris, aliquam eu, accumsan sed, facilisis vitae, orci. Phasellus dapibus quam quis diam. Pellentesque habitant morbi tristique senectus et netus et malesuada fames ac turpis egestas. Fusce aliquet magna a neque. Nullam ut nisi a odio semper cursus. Integer mollis. Integer tincidunt aliquam arcu. Aliquam ultrices iaculis odio. Nam interdum enim non nisi. Aenean eget metus. In nec orci. Donec nibh. Quisque nonummy ipsum non arcu. Vivamus sit amet risus. Donec egestas. Aliquam nec enim. Nunc ut erat. Sed nunc est, mollis non, cursus non, egestas a, dui. Cras pellentesque. Sed dictum. Proin eget odio. Aliquam vulputate ullamcorper magna. Sed eu eros. Nam consequat dolor vitae dolor. Donec fringilla. Donec feugiat metus sit amet ante. Vivamus non lorem vitae odio sagittis semper. Nam tempor diam dictum sapien. Aenean massa. Integer vitae nibh. Donec est mauris, rhoncus id, mollis nec, cursus a, enim. Suspendisse aliquet, sem ut cursus luctus, ipsum leo elementum sem, vitae aliquam eros turpis non enim. Mauris quis turpis vitae purus gravida sagittis. Duis gravida. Praesent eu nulla at sem molestie sodales. Mauris blandit enim consequat purus. Maecenas libero est, congue a, aliquet vel, vulputate eu, odio. Phasellus at augue id ante dictum cursus. Nunc mauris elit, dictum eu, eleifend nec, malesuada ut, sem. Nulla interdum. Curabitur dictum. Phasellus in felis. Nulla tempor augue ac ipsum. Phasellus vitae mauris sit amet lorem semper auctor. Mauris vel turpis. Aliquam adipiscing lobortis risus. In mi pede, nonummy ut, molestie in, tempus eu, ligula. Aenean euismod mauris eu elit. Nulla facilisi. Sed neque. Sed eget lacus. Mauris non dui nec urna suscipit nonummy. Fusce fermentum fermentum arcu. Vestibulum ante ipsum primis in faucibus orci luctus et ultrices posuere cubilia Curae; Phasellus ornare. Fusce mollis. Duis sit amet diam eu dolor egestas rhoncus. Proin nisl sem, consequat nec, mollis vitae, posuere at, velit. Cras lorem lorem, luctus ut, pellentesque eget, dictum placerat, augue. Sed molestie. Sed id risus quis diam luctus lobortis. Class aptent taciti sociosqu ad litora torquent per conubia nostra, per inceptos hymenaeos. Mauris ut quam vel sapien imperdiet ornare. In faucibus. Morbi vehicula. Pellentesque tincidunt tempus risus. Donec egestas. Duis ac arcu. Nunc mauris. Morbi non sapien molestie orci tincidunt adipiscing. Mauris molestie pharetra nibh. Aliquam ornare, libero at auctor ullamcorper, nisl arcu',663814),(29,29,'2020-11-22','natoque penatibus et magnis dis parturient montes, nascetur ridiculus mus.','Bethany','eu, odio. Phasellus at augue id ante dictum cursus. Nunc mauris elit, dictum eu, eleifend nec, malesuada ut, sem. Nulla interdum. Curabitur dictum. Phasellus in felis. Nulla tempor augue ac ipsum. Phasellus vitae mauris sit amet lorem semper auctor. Mauris vel turpis. Aliquam adipiscing lobortis risus. In mi pede, nonummy ut, molestie in, tempus eu, ligula. Aenean euismod mauris eu elit. Nulla facilisi. Sed neque. Sed eget lacus. Mauris non dui nec urna suscipit nonummy. Fusce fermentum fermentum arcu. Vestibulum ante ipsum primis in faucibus orci luctus et ultrices posuere cubilia Curae; Phasellus ornare. Fusce mollis. Duis sit amet diam eu dolor egestas rhoncus. Proin nisl sem, consequat nec, mollis vitae, posuere at, velit. Cras lorem lorem, luctus ut, pellentesque eget, dictum placerat, augue. Sed molestie. Sed id risus quis diam luctus lobortis. Class aptent taciti sociosqu ad litora torquent per conubia nostra, per inceptos hymenaeos. Mauris ut quam vel sapien imperdiet ornare. In faucibus. Morbi vehicula. Pellentesque tincidunt tempus risus. Donec egestas. Duis ac arcu. Nunc mauris. Morbi non sapien molestie orci tincidunt adipiscing. Mauris molestie pharetra nibh. Aliquam ornare, libero at auctor ullamcorper, nisl arcu iaculis enim, sit amet ornare lectus justo eu arcu. Morbi sit amet massa. Quisque porttitor eros nec tellus. Nunc lectus pede, ultrices a, auctor non, feugiat nec, diam. Duis mi enim, condimentum eget, volutpat ornare, facilisis eget, ipsum. Donec sollicitudin adipiscing ligula. Aenean gravida nunc sed pede. Cum sociis natoque penatibus et magnis dis parturient montes, nascetur ridiculus mus. Proin vel arcu eu odio tristique pharetra. Quisque ac libero nec ligula consectetuer rhoncus. Nullam velit dui, semper et, lacinia vitae, sodales at, velit. Pellentesque ultricies dignissim lacus. Aliquam rutrum lorem ac risus. Morbi metus. Vivamus euismod urna. Nullam lobortis quam a felis ullamcorper viverra. Maecenas iaculis aliquet diam. Sed diam lorem, auctor quis, tristique ac, eleifend vitae, erat. Vivamus nisi. Mauris nulla. Integer urna. Vivamus molestie dapibus ligula. Aliquam erat volutpat. Nulla dignissim. Maecenas ornare egestas ligula. Nullam feugiat placerat velit. Quisque varius. Nam porttitor scelerisque neque. Nullam nisl. Maecenas malesuada fringilla est. Mauris eu turpis. Nulla aliquet. Proin velit. Sed malesuada augue ut lacus. Nulla tincidunt, neque vitae semper egestas, urna justo faucibus lectus, a sollicitudin orci sem eget massa. Suspendisse eleifend. Cras sed leo. Cras vehicula aliquet libero. Integer in magna. Phasellus dolor elit, pellentesque a, facilisis non, bibendum sed, est. Nunc laoreet lectus quis massa. Mauris vestibulum, neque sed dictum',599519),(30,30,'2011-01-27','enim commodo hendrerit. Donec porttitor tellus non magna. Nam ligula','Imogene','augue scelerisque mollis. Phasellus libero mauris, aliquam eu, accumsan sed, facilisis vitae, orci. Phasellus dapibus quam quis diam. Pellentesque habitant morbi tristique senectus et netus et malesuada fames ac turpis egestas. Fusce aliquet magna a neque. Nullam ut nisi a odio semper cursus. Integer mollis. Integer tincidunt aliquam arcu. Aliquam ultrices iaculis odio. Nam interdum enim non nisi. Aenean eget metus. In nec orci. Donec nibh. Quisque nonummy ipsum non arcu. Vivamus sit amet risus. Donec egestas. Aliquam nec enim. Nunc ut erat. Sed nunc est, mollis non, cursus non, egestas a, dui. Cras pellentesque. Sed dictum. Proin eget odio. Aliquam vulputate ullamcorper magna. Sed eu eros. Nam consequat dolor vitae dolor. Donec fringilla. Donec feugiat metus sit amet ante. Vivamus non lorem vitae odio sagittis semper. Nam tempor diam dictum sapien. Aenean massa. Integer vitae nibh. Donec est mauris, rhoncus id, mollis nec, cursus a, enim. Suspendisse aliquet, sem ut cursus luctus, ipsum leo elementum sem, vitae aliquam eros turpis non enim. Mauris quis turpis vitae purus gravida sagittis. Duis gravida. Praesent eu nulla at sem molestie sodales. Mauris blandit enim consequat purus. Maecenas libero est, congue a, aliquet vel, vulputate eu, odio. Phasellus at augue id ante dictum cursus. Nunc mauris elit, dictum eu, eleifend nec, malesuada ut, sem. Nulla interdum. Curabitur dictum. Phasellus in felis. Nulla tempor augue ac ipsum. Phasellus vitae mauris sit amet lorem semper auctor. Mauris vel turpis. Aliquam adipiscing lobortis risus. In mi pede, nonummy ut, molestie in, tempus eu, ligula. Aenean euismod mauris eu elit. Nulla facilisi. Sed neque. Sed eget lacus. Mauris non dui nec urna suscipit nonummy. Fusce fermentum fermentum arcu. Vestibulum ante ipsum primis in faucibus orci luctus et ultrices posuere cubilia Curae; Phasellus ornare. Fusce mollis. Duis sit amet diam eu dolor egestas rhoncus. Proin nisl sem, consequat nec, mollis vitae, posuere at, velit. Cras lorem lorem, luctus ut, pellentesque eget, dictum placerat, augue. Sed molestie. Sed id risus quis diam luctus lobortis. Class aptent taciti sociosqu ad litora torquent per conubia nostra, per inceptos hymenaeos. Mauris ut quam vel sapien imperdiet ornare. In faucibus. Morbi vehicula. Pellentesque tincidunt tempus risus. Donec egestas. Duis ac arcu. Nunc mauris. Morbi non sapien molestie orci tincidunt adipiscing. Mauris molestie pharetra nibh. Aliquam ornare, libero at auctor ullamcorper, nisl arcu iaculis enim, sit amet ornare lectus justo eu arcu. Morbi sit amet massa. Quisque porttitor eros nec tellus. Nunc lectus pede,',295168);

-- insert 10 shops
INSERT INTO shops([id],[name],[street],[npa],[city],[country],[quantity]) VALUES(1,'Mattis Ornare Foundation','Ap #3274927 Aliquam Road','98490','Kilmarnock','Andorra',50),(2,'Dui Suspendisse Inc.','9568 Eu Street','48034983','Kerikeri','New Caledonia',70),(3,'Eu Ultrices Sit Corp.','Ap #3206028 Blandit Street','31317','Mundare','Martinique',79),(4,'Turpis In Condimentum Ltd','Ap #2392691 At Ave','5626','Novy Oskol','Uganda',59),(5,'Cursus Corp.','Ap #2052189 Dui, Avenue','14575','Jamoigne','Heard Island and Mcdonald Islands',20),(6,'Mi Associates','5079175 Erat, Av.','6831','Yorkton','Tokelau',133),(7,'Egestas Lacinia Sed PC','P.O. Box 686, 9889 Molestie St.','373399','Otukpo','Czech Republic',3),(8,'Non Enim Commodo LLC','8167 Sit Street','5471','Dijon','Madagascar',157),(9,'Sed Associates','Ap #3942206 A, Street','36594718','Mühlheim am Main','Switzerland',25),(10,'Placerat Industries','P.O. Box 358, 1838 Tempus, St.','3038','Chiniot','French Guiana',115);

-- insert 32 descriptions
INSERT INTO descriptions([id],[number],[content],[date],[author]) VALUES(1,1,'nec ligula consectetuer','2015-07-17','Burke Ramirez');
INSERT INTO descriptions([id],[number],[content],[date],[author]) VALUES(2,2,'ante.','2013-09-29','Oleg Duffy');
INSERT INTO descriptions([id],[number],[content],[date],[author]) VALUES(3,3,'montes, nascetur ridiculus mus. Aenean eget','2014-01-27','Yuli Rogers');
INSERT INTO descriptions([id],[number],[content],[date],[author]) VALUES(4,4,'Aliquam nec enim. Nunc ut erat. Sed nunc est,','2017-07-16','Iona Fernandez');
INSERT INTO descriptions([id],[number],[content],[date],[author]) VALUES(5,5,'gravida. Aliquam tincidunt, nunc ac mattis ornare,','2019-05-04','Galena Key');
INSERT INTO descriptions([id],[number],[content],[date],[author]) VALUES(6,6,'imperdiet, erat nonummy','2015-04-22','Daria Rosario');
INSERT INTO descriptions([id],[number],[content],[date],[author]) VALUES(7,7,'molestie dapibus ligula. Aliquam','2019-03-13','Dolan Hudson');
INSERT INTO descriptions([id],[number],[content],[date],[author]) VALUES(8,8,'Vivamus rhoncus. Donec est. Nunc ullamcorper,','2014-11-10','Mannix Sutton');
INSERT INTO descriptions([id],[number],[content],[date],[author]) VALUES(9,9,'mi, ac mattis velit justo nec ante. Maecenas mi felis,','2018-08-22','Quincy Mcclure');
INSERT INTO descriptions([id],[number],[content],[date],[author]) VALUES(10,10,'Fusce mi lorem, vehicula et, rutrum eu, ultrices sit','2015-12-12','Anne Coffey');
INSERT INTO descriptions([id],[number],[content],[date],[author]) VALUES(11,11,'odio. Etiam ligula tortor, dictum eu, placerat','2014-02-28','Walker Parrish');
INSERT INTO descriptions([id],[number],[content],[date],[author]) VALUES(12,12,'est, mollis non, cursus non, egestas a, dui.','2016-03-05','Glenna Griffin');
INSERT INTO descriptions([id],[number],[content],[date],[author]) VALUES(13,13,'id, libero. Donec consectetuer mauris','2015-08-03','Erin Flynn');
INSERT INTO descriptions([id],[number],[content],[date],[author]) VALUES(14,14,'eget metus. In nec','2013-06-16','Eagan Watkins');
INSERT INTO descriptions([id],[number],[content],[date],[author]) VALUES(15,15,'et, rutrum non, hendrerit id,','2013-03-06','Xander Oneal');
INSERT INTO descriptions([id],[number],[content],[date],[author]) VALUES(16,16,'montes,','2013-11-27','Basil Harvey');
INSERT INTO descriptions([id],[number],[content],[date],[author]) VALUES(17,17,'neque. In ornare sagittis felis. Donec','2017-11-26','Caldwell Bennett');
INSERT INTO descriptions([id],[number],[content],[date],[author]) VALUES(18,18,'tellus eu','2017-01-05','Hall Lynn');
INSERT INTO descriptions([id],[number],[content],[date],[author]) VALUES(19,19,'a feugiat tellus','2013-11-21','Hope Patrick');
INSERT INTO descriptions([id],[number],[content],[date],[author]) VALUES(20,20,'Fusce feugiat. Lorem ipsum dolor sit','2019-03-17','Nola Schultz');
INSERT INTO descriptions([id],[number],[content],[date],[author]) VALUES(21,21,'Suspendisse ac metus vitae velit egestas lacinia. Sed congue,','2013-06-15','Piper Odom');
INSERT INTO descriptions([id],[number],[content],[date],[author]) VALUES(22,22,'sed tortor. Integer aliquam adipiscing lacus. Ut nec','2017-08-23','Garrison Herring');
INSERT INTO descriptions([id],[number],[content],[date],[author]) VALUES(23,23,'dolor. Quisque tincidunt pede ac urna. Ut tincidunt','2019-05-03','Marsden Clemons');
INSERT INTO descriptions([id],[number],[content],[date],[author]) VALUES(24,24,'metus. Aliquam erat volutpat. Nulla facilisis. Suspendisse commodo tincidunt nibh.','2017-04-18','Marsden Hewitt');
INSERT INTO descriptions([id],[number],[content],[date],[author]) VALUES(25,25,'Aliquam erat volutpat. Nulla facilisis. Suspendisse commodo tincidunt nibh. Phasellus','2019-08-03','Amela Baxter');
INSERT INTO descriptions([id],[number],[content],[date],[author]) VALUES(26,26,'tellus Aliquam eu','2017-01-15','Hall Lynn');
INSERT INTO descriptions([id],[number],[content],[date],[author]) VALUES(27,27,'a feugiat tellus','2013-11-15','Hope Patrick');
INSERT INTO descriptions([id],[number],[content],[date],[author]) VALUES(28,28,'Fusce feugiat. dolor sit','2019-03-15','Nola Schultz');
INSERT INTO descriptions([id],[number],[content],[date],[author]) VALUES(29,29,'Suspendisse a velit egestas lacinia. Sed congue,','2013-06-24','Piper Odom');
INSERT INTO descriptions([id],[number],[content],[date],[author]) VALUES(30,30,'sed tortor. Integer aliquam adipiscing lacus. Ut nec','2017-08-18','Amela Herring');
INSERT INTO descriptions([id],[number],[content],[date],[author]) VALUES(31,31,'dolor. Quisque tincidunt pede ac urna. Ut tincidunt','2019-05-06','Marsden Clemons');
INSERT INTO descriptions([id],[number],[content],[date],[author]) VALUES(32,32,'metus. Aliquam erat volutpat. Nulla facilisis. Suspendisse commodo tincidunt nibh.','2017-04-04','Nola Hewitt');

-- insert 7 promotions
INSERT INTO promotions([id],[name],[discountpercentage],[description_id]) VALUES(1,'amet, faucibus ut, nulla.',40,26);
INSERT INTO promotions([id],[name],[discountpercentage],[description_id]) VALUES(2,'nulla. Integer vulputate, risus a ultricies adipiscing, enim',26,27);
INSERT INTO promotions([id],[name],[discountpercentage],[description_id]) VALUES(3,'Maecenas libero est, congue a, aliquet vel, vulputate',46,28);
INSERT INTO promotions([id],[name],[discountpercentage],[description_id]) VALUES(4,'enim mi tempor lorem, eget mollis lectus pede et risus.',57,29);
INSERT INTO promotions([id],[name],[discountpercentage],[description_id]) VALUES(5,'non, dapibus rutrum, justo. Praesent luctus.',25,30);
INSERT INTO promotions([id],[name],[discountpercentage],[description_id]) VALUES(6,'nibh. Quisque nonummy ipsum non arcu. Vivamus sit amet',48,31);
INSERT INTO promotions([id],[name],[discountpercentage],[description_id]) VALUES(7,'mauris, rhoncus id, mollis nec, cursus',70,32);

-- insert 90 orders
INSERT INTO orders([id],[number],[date],[state],[customer_id]) VALUES(1,1,'2017-05-27','Brouillon',64),(2,2,'2015-12-24','Commandé',19),(3,3,'2014-04-22','Reçu',20),(4,4,'2013-06-10','Signé',49),(5,5,'2013-07-15','Refusé',41),(6,6,'2017-12-23','Clôturé',58),(7,7,'2016-07-30','Brouillon',25),(8,8,'2013-04-19','Commandé',25),(9,9,'2019-04-14','Reçu',15),(10,10,'2013-06-23','Signé',23);
INSERT INTO orders([id],[number],[date],[state],[customer_id]) VALUES(11,11,'2013-06-19','Refusé',53),(12,12,'2016-10-29','Clôturé',12),(13,13,'2014-09-24','Brouillon',17),(14,14,'2017-08-17','Commandé',3),(15,15,'2016-01-27','Reçu',16),(16,16,'2013-08-29','Signé',99),(17,17,'2014-12-26','Refusé',15),(18,18,'2014-06-17','Clôturé',97),(19,19,'2018-06-22','Brouillon',21),(20,20,'2016-09-07','Commandé',63);
INSERT INTO orders([id],[number],[date],[state],[customer_id]) VALUES(21,21,'2016-03-22','Reçu',40),(22,22,'2017-03-17','Signé',72),(23,23,'2013-11-01','Refusé',79),(24,24,'2014-09-14','Clôturé',27),(25,25,'2019-09-26','Brouillon',12),(26,26,'2014-06-20','Commandé',94),(27,27,'2016-08-22','Reçu',92),(28,28,'2014-05-21','Signé',54),(29,29,'2019-04-16','Refusé',44),(30,30,'2015-03-15','Clôturé',64);
INSERT INTO orders([id],[number],[date],[state],[customer_id]) VALUES(31,31,'2016-10-04','Brouillon',94),(32,32,'2013-11-10','Commandé',54),(33,33,'2016-10-03','Reçu',58),(34,34,'2018-10-30','Signé',56),(35,35,'2019-07-12','Refusé',63),(36,36,'2018-01-23','Clôturé',33),(37,37,'2014-07-22','Brouillon',59),(38,38,'2013-02-21','Commandé',70),(39,39,'2013-04-22','Reçu',10),(40,40,'2016-04-15','Signé',30);
INSERT INTO orders([id],[number],[date],[state],[customer_id]) VALUES(41,41,'2015-06-17','Refusé',13),(42,42,'2017-08-25','Clôturé',56),(43,43,'2015-12-16','Brouillon',78),(44,44,'2015-02-24','Commandé',70),(45,45,'2017-06-06','Reçu',66),(46,46,'2016-09-03','Signé',69),(47,47,'2015-01-17','Refusé',24),(48,48,'2018-05-14','Clôturé',97),(49,49,'2019-04-11','Brouillon',76),(50,50,'2015-04-09','Commandé',90);
INSERT INTO orders([id],[number],[date],[state],[customer_id]) VALUES(51,51,'2014-05-16','Reçu',54),(52,52,'2014-05-12','Signé',83),(53,53,'2019-02-03','Refusé',58),(54,54,'2015-02-10','Clôturé',26),(55,55,'2014-03-18','Brouillon',47),(56,56,'2017-02-12','Commandé',88),(57,57,'2015-09-16','Reçu',9),(58,58,'2017-11-08','Signé',87),(59,59,'2015-03-17','Refusé',31),(60,60,'2019-10-09','Clôturé',100);
INSERT INTO orders([id],[number],[date],[state],[customer_id]) VALUES(61,61,'2016-11-20','Brouillon',39),(62,62,'2019-09-28','Commandé',19),(63,63,'2015-09-02','Reçu',6),(64,64,'2017-08-21','Signé',13),(65,65,'2018-02-11','Refusé',40),(66,66,'2016-02-04','Clôturé',81),(67,67,'2016-10-04','Brouillon',14),(68,68,'2017-04-14','Commandé',30),(69,69,'2013-09-06','Reçu',54),(70,70,'2017-04-11','Signé',79);
INSERT INTO orders([id],[number],[date],[state],[customer_id]) VALUES(71,71,'2018-04-06','Refusé',75),(72,72,'2014-12-23','Clôturé',47),(73,73,'2013-11-26','Brouillon',73),(74,74,'2019-10-13','Commandé',78),(75,75,'2018-09-13','Reçu',85),(76,76,'2017-06-26','Signé',49),(77,77,'2013-06-26','Refusé',32),(78,78,'2014-02-12','Clôturé',67),(79,79,'2019-02-22','Brouillon',56),(80,80,'2019-10-07','Commandé',80);
INSERT INTO orders([id],[number],[date],[state],[customer_id]) VALUES(81,81,'2017-03-10','Reçu',17),(82,82,'2015-07-15','Signé',30),(83,83,'2014-09-10','Refusé',72),(84,84,'2014-01-08','Clôturé',74),(85,85,'2013-01-17','Brouillon',46),(86,86,'2018-01-31','Commandé',26),(87,87,'2018-07-29','Reçu',36),(88,88,'2015-05-09','Signé',60),(89,89,'2018-04-10','Refusé',3),(90,90,'2018-05-15','Clôturé',35);

-- insert 250 components
INSERT INTO components([id],[serialnumber],[model],[price],[manufacturing],[order_id],[descriptions_id]) VALUES(1,'16981130132',13,'78.51','2019-12-05',63,13),(2,'16420113188',9,'67.98','2020-05-18',58,24),(3,'16200301239',19,'39.95','2019-02-04',19,20),(4,'16550820185',14,'72.75','2020-06-14',1,16),(5,'16330902792',15,'66.48','2020-12-25',23,25),(6,'16981024411',8,'17.43','2019-07-14',15,11),(7,'16921101053',12,'31.14','2019-12-14',85,8),(8,'16871201187',16,'12.21','2020-07-31',42,22),(9,'16820417784',20,'31.49','2020-05-06',44,19),(10,'16860712181',9,'55.61','2020-09-12',87,12);
INSERT INTO components([id],[serialnumber],[model],[price],[manufacturing],[order_id],[descriptions_id]) VALUES(11,'16100109409',8,'88.75','2020-03-19',40,11),(12,'16510416785',19,'45.45','2020-04-10',19,25),(13,'16600515152',10,'26.23','2019-07-28',7,13),(14,'16501211878',10,'75.65','2020-04-26',68,22),(15,'16431207833',6,'14.76','2019-10-14',40,13),(16,'16790424604',7,'82.92','2019-12-23',57,20),(17,'16860318257',14,'46.35','2020-06-15',36,8),(18,'16021103088',12,'59.97','2019-10-17',66,13),(19,'16980205941',20,'73.24','2020-10-07',25,23),(20,'16340623801',19,'53.09','2019-11-30',51,5);
INSERT INTO components([id],[serialnumber],[model],[price],[manufacturing],[order_id],[descriptions_id]) VALUES(21,'16680320155',18,'69.21','2020-11-24',29,6),(22,'16921024275',19,'87.58','2020-09-16',19,7),(23,'16861214122',4,'59.35','2020-03-14',20,24),(24,'16601220629',15,'26.57','2019-12-16',25,7),(25,'16330828584',16,'72.48','2020-08-30',81,9),(26,'16841119595',21,'22.08','2020-12-18',84,8),(27,'16961125607',6,'35.71','2019-12-11',52,7),(28,'16091218520',4,'85.51','2020-07-07',88,25),(29,'16810616450',22,'47.62','2020-09-25',66,20),(30,'16180519792',19,'37.57','2020-02-20',55,9);
INSERT INTO components([id],[serialnumber],[model],[price],[manufacturing],[order_id],[descriptions_id]) VALUES(31,'16060213706',14,'49.29','2020-03-24',82,22),(32,'16640708217',3,'86.86','2020-04-01',66,12),(33,'16130913532',13,'29.25','2021-01-07',73,4),(34,'16270708679',11,'23.70','2019-10-16',80,24),(35,'16930703503',17,'17.09','2019-06-22',87,24),(36,'16100511020',13,'11.65','2019-02-16',4,25),(37,'16430913139',19,'37.45','2019-04-03',49,16),(38,'16360210445',13,'46.03','2019-02-14',65,8),(39,'16871109107',20,'82.54','2020-11-26',67,9),(40,'16330517906',4,'70.37','2020-06-25',25,22);
INSERT INTO components([id],[serialnumber],[model],[price],[manufacturing],[order_id],[descriptions_id]) VALUES(41,'16760314596',8,'76.47','2019-02-07',76,17),(42,'16731125587',13,'36.20','2020-05-31',47,16),(43,'16940909633',12,'75.06','2019-03-03',81,11),(44,'16830821130',8,'27.36','2020-08-17',5,25),(45,'16410830248',3,'41.08','2020-04-25',38,22),(46,'16840403354',13,'27.13','2019-05-25',3,8),(47,'16830415622',13,'39.08','2019-11-20',74,25),(48,'16480602134',18,'35.49','2019-05-11',50,14),(49,'16590716756',18,'86.12','2020-03-30',78,13),(50,'16890807417',20,'28.89','2019-08-02',11,25);
INSERT INTO components([id],[serialnumber],[model],[price],[manufacturing],[order_id],[descriptions_id]) VALUES(51,'16300806006',3,'84.84','2020-12-21',35,14),(52,'16410203220',11,'34.95','2020-06-03',49,4),(53,'16550904372',21,'44.12','2020-02-05',30,21),(54,'16590726682',18,'16.96','2020-10-30',2,13),(55,'16890521002',7,'85.24','2020-02-19',4,25),(56,'16490613570',2,'18.73','2021-01-13',14,20),(57,'16060129509',13,'14.77','2020-11-22',1,6),(58,'16320418413',4,'20.17','2019-12-18',8,19),(59,'16200409301',19,'83.57','2019-03-07',37,22),(60,'16400605799',15,'18.11','2019-02-17',72,14);
INSERT INTO components([id],[serialnumber],[model],[price],[manufacturing],[order_id],[descriptions_id]) VALUES(61,'16680820421',22,'31.84','2020-08-02',41,25),(62,'16660125147',3,'31.94','2020-05-05',59,11),(63,'16171007970',2,'89.46','2019-02-01',75,10),(64,'16950528644',2,'31.74','2019-05-28',26,18),(65,'16961225708',14,'21.87','2019-05-08',32,16),(66,'16520212478',5,'51.82','2019-03-30',22,4),(67,'16940607836',5,'20.33','2020-06-13',11,13),(68,'16260115078',8,'24.45','2020-10-28',38,6),(69,'16230121129',22,'15.79','2019-09-04',82,7),(70,'16911116092',8,'14.86','2020-02-05',69,17);
INSERT INTO components([id],[serialnumber],[model],[price],[manufacturing],[order_id],[descriptions_id]) VALUES(71,'16511011980',17,'38.71','2019-11-15',59,8),(72,'16450622184',7,'88.75','2019-10-29',16,19),(73,'16980114166',1,'31.91','2020-04-29',21,10),(74,'16481213879',20,'38.22','2019-09-30',15,19),(75,'16350205440',16,'69.98','2019-01-27',78,19),(76,'16940927650',21,'77.82','2020-12-06',66,25),(77,'16060402331',3,'47.89','2020-11-05',83,7),(78,'16450717491',14,'48.41','2020-03-14',24,5),(79,'16450527609',19,'20.15','2020-04-22',9,6),(80,'16590216517',6,'25.00','2020-03-23',56,9);
INSERT INTO components([id],[serialnumber],[model],[price],[manufacturing],[order_id],[descriptions_id]) VALUES(81,'16961117618',21,'24.67','2020-06-12',72,25),(82,'16771227576',5,'42.28','2019-05-26',23,10),(83,'16970723010',10,'44.15','2020-12-24',52,22),(84,'16820423972',1,'14.49','2019-03-17',90,15),(85,'16091116115',12,'10.18','2019-02-20',48,17),(86,'16000106598',19,'42.20','2020-05-01',50,14),(87,'16260426804',22,'40.61','2019-05-03',75,20),(88,'16130810349',17,'84.38','2020-08-25',62,4),(89,'16340409777',8,'71.30','2020-05-22',70,13),(90,'16261114781',16,'72.22','2020-07-12',13,21);
INSERT INTO components([id],[serialnumber],[model],[price],[manufacturing],[order_id],[descriptions_id]) VALUES(91,'16800908275',5,'22.27','2019-03-29',13,11),(92,'16400218647',5,'88.91','2020-04-05',84,12),(93,'16270327336',18,'36.52','2019-05-07',43,22),(94,'16840325651',1,'57.59','2020-09-15',58,13),(95,'16101029620',14,'72.58','2019-02-17',27,21),(96,'16161102270',4,'46.53','2019-08-22',6,11),(97,'16790121155',5,'60.26','2020-03-24',83,15),(98,'16621206991',14,'81.58','2021-01-04',39,6),(99,'16100125605',1,'60.01','2020-09-21',60,12),(100,'16251215811',9,'70.16','2020-04-25',82,5);
INSERT INTO components([id],[serialnumber],[model],[price],[manufacturing],[order_id],[descriptions_id]) VALUES(101,'16570728148',18,'17.16','2020-06-14',55,10),(102,'16560428463',8,'13.75','2019-04-27',46,25),(103,'16681224744',22,'46.53','2019-03-03',32,5),(104,'16980418966',22,'31.62','2020-09-15',65,13),(105,'16320509970',10,'19.20','2020-10-22',87,10),(106,'16090107533',15,'73.17','2019-06-16',6,17),(107,'16761119531',14,'23.76','2020-04-11',30,23),(108,'16110508935',10,'73.30','2020-12-04',2,12),(109,'16050706093',21,'74.87','2019-02-26',68,20),(110,'16990405371',13,'17.66','2019-08-18',6,18);
INSERT INTO components([id],[serialnumber],[model],[price],[manufacturing],[order_id],[descriptions_id]) VALUES(111,'16790711211',12,'74.19','2019-04-15',3,16),(112,'16720127401',12,'78.92','2020-05-07',13,13),(113,'16250102467',12,'28.21','2019-08-14',14,17),(114,'16480113542',11,'11.92','2020-12-28',17,6),(115,'16470102760',17,'53.18','2020-06-04',79,11),(116,'16101101871',3,'10.75','2020-05-10',40,7),(117,'16321020984',15,'19.91','2019-04-07',60,23),(118,'16941029386',13,'51.12','2019-05-01',23,22),(119,'16411112015',14,'51.29','2019-04-19',18,15),(120,'16240617701',7,'38.70','2020-10-31',7,13);
INSERT INTO components([id],[serialnumber],[model],[price],[manufacturing],[order_id],[descriptions_id]) VALUES(121,'16750207039',15,'55.56','2019-05-06',36,11),(122,'16101001589',3,'81.56','2019-06-27',29,4),(123,'16601206477',16,'53.43','2020-05-19',26,23),(124,'16830811564',8,'59.27','2020-03-26',79,4),(125,'16330119031',11,'15.79','2019-08-21',68,13),(126,'16950424753',8,'60.63','2019-04-24',23,5),(127,'16150829439',15,'67.92','2020-06-15',43,7),(128,'16900305131',13,'31.35','2019-05-23',19,23),(129,'16580220687',12,'78.79','2020-04-04',60,22),(130,'16191020263',22,'21.68','2019-03-10',81,12);
INSERT INTO components([id],[serialnumber],[model],[price],[manufacturing],[order_id],[descriptions_id]) VALUES(131,'16720116867',21,'36.41','2020-03-03',68,9),(132,'16591205638',6,'40.30','2019-08-05',77,5),(133,'16311204621',8,'41.90','2020-08-18',88,15),(134,'16120802333',1,'79.67','2020-08-11',50,17),(135,'16570130481',1,'26.43','2020-02-02',11,23),(136,'16210206437',22,'56.14','2019-10-25',15,16),(137,'16730425681',1,'40.68','2020-05-26',57,20),(138,'16310517572',1,'25.96','2020-11-12',69,5),(139,'16511113503',3,'12.00','2020-12-14',50,9),(140,'16010306310',11,'20.46','2020-08-12',31,10);
INSERT INTO components([id],[serialnumber],[model],[price],[manufacturing],[order_id],[descriptions_id]) VALUES(141,'16610502989',10,'40.38','2020-09-06',12,6),(142,'16440704867',1,'89.80','2019-10-24',40,25),(143,'16180326702',20,'15.57','2020-03-31',74,19),(144,'16950902168',1,'45.80','2020-05-05',4,5),(145,'16790714548',12,'47.66','2020-11-22',36,24),(146,'16930519212',20,'10.44','2020-12-07',61,14),(147,'16750428223',1,'57.12','2020-05-28',43,21),(148,'16430514346',2,'82.45','2019-11-24',8,22),(149,'16380830262',6,'11.39','2020-06-16',49,23),(150,'16050604510',2,'79.55','2020-04-02',28,13);
INSERT INTO components([id],[serialnumber],[model],[price],[manufacturing],[order_id],[descriptions_id]) VALUES(151,'16601011250',9,'25.45','2019-03-31',7,4),(152,'16330712695',22,'59.12','2019-03-30',51,22),(153,'16210110683',17,'67.09','2020-03-24',1,7),(154,'16340428101',21,'73.40','2020-04-07',27,8),(155,'16250511563',8,'66.35','2019-03-05',27,7),(156,'16591119989',2,'88.44','2021-01-21',82,8),(157,'16741105961',16,'15.36','2020-10-09',73,24),(158,'16550318869',16,'54.80','2019-04-03',17,11),(159,'16790330728',15,'13.25','2019-10-13',83,15),(160,'16371126863',2,'57.65','2020-03-12',28,9);
INSERT INTO components([id],[serialnumber],[model],[price],[manufacturing],[order_id],[descriptions_id]) VALUES(161,'16361003869',19,'46.71','2019-09-30',32,22),(162,'16780423874',19,'38.31','2020-06-10',65,23),(163,'16390602236',20,'69.45','2019-02-16',2,11),(164,'16001005101',22,'21.31','2020-09-20',10,8),(165,'16300227026',4,'69.79','2020-11-13',64,25),(166,'16370716717',15,'83.64','2019-10-20',56,11),(167,'16161130462',12,'37.75','2020-12-11',61,5),(168,'16770610134',16,'14.25','2020-08-17',27,22),(169,'16430614136',2,'42.89','2020-05-01',46,25),(170,'16530123950',11,'10.27','2020-03-11',29,25);
INSERT INTO components([id],[serialnumber],[model],[price],[manufacturing],[order_id],[descriptions_id]) VALUES(171,'16490314246',13,'26.92','2019-01-23',19,25),(172,'16160906416',12,'64.02','2020-10-16',80,24),(173,'16301127750',16,'18.46','2019-05-07',7,4),(174,'16150311275',6,'34.29','2020-07-30',46,20),(175,'16290129623',17,'45.24','2019-07-05',76,16),(176,'16450504547',16,'42.53','2019-12-20',10,18),(177,'16031101160',2,'10.16','2019-03-13',87,12),(178,'16390717403',13,'17.53','2020-11-01',62,15),(179,'16620311541',10,'63.93','2020-04-16',23,10),(180,'16650703984',9,'72.67','2019-02-07',73,18);
INSERT INTO components([id],[serialnumber],[model],[price],[manufacturing],[order_id],[descriptions_id]) VALUES(181,'16411219365',20,'61.21','2019-09-26',41,17),(182,'16331218123',14,'78.96','2019-02-04',27,15),(183,'16640921757',20,'87.23','2020-03-08',85,20),(184,'16921018586',7,'23.27','2019-09-08',23,11),(185,'16820726146',3,'67.71','2019-07-20',44,21),(186,'16160624279',15,'84.15','2020-08-27',50,17),(187,'16350622589',16,'76.12','2020-03-31',44,19),(188,'16920616056',3,'18.87','2021-01-15',35,9),(189,'16990507096',9,'31.46','2019-10-16',11,20),(190,'16921219719',10,'75.30','2020-03-08',86,10);
INSERT INTO components([id],[serialnumber],[model],[price],[manufacturing],[order_id],[descriptions_id]) VALUES(191,'16401213230',18,'29.11','2019-12-10',48,13),(192,'16691230937',21,'28.15','2019-05-22',34,11),(193,'16620520137',16,'80.00','2020-08-30',46,10),(194,'16760509293',22,'19.17','2019-03-17',11,19),(195,'16650904074',13,'60.90','2020-10-15',13,23),(196,'16001028029',3,'31.63','2020-11-18',36,18),(197,'16290712001',7,'56.13','2020-05-26',63,13),(198,'16861029702',3,'26.72','2020-11-18',87,12),(199,'16680906819',3,'27.55','2019-07-10',65,4),(200,'16231105041',19,'60.35','2020-02-15',90,16);
INSERT INTO components([id],[serialnumber],[model],[price],[manufacturing],[order_id],[descriptions_id]) VALUES(201,'16920103047',17,'23.84','2019-07-14',36,5),(202,'16180630089',16,'14.39','2020-08-07',85,24),(203,'16450817236',4,'54.38','2020-02-19',27,6),(204,'16791115232',16,'82.41','2020-11-06',62,21),(205,'16130115562',19,'22.52','2020-05-14',38,21),(206,'16690117109',13,'42.94','2020-12-09',77,9),(207,'16061130410',9,'54.27','2020-07-31',33,18),(208,'16180622401',18,'83.08','2019-01-26',79,10),(209,'16841207401',13,'32.67','2020-07-05',58,21),(210,'16720111831',8,'56.30','2019-02-24',86,10);
INSERT INTO components([id],[serialnumber],[model],[price],[manufacturing],[order_id],[descriptions_id]) VALUES(211,'16621017438',10,'30.76','2020-12-12',66,24),(212,'16611104027',9,'64.26','2020-02-09',39,6),(213,'16760422409',15,'51.47','2020-12-09',6,4),(214,'16380525367',11,'45.43','2020-09-25',29,25),(215,'16270727653',10,'73.93','2019-03-10',4,13),(216,'16540713097',17,'45.43','2019-07-05',78,20),(217,'16060920397',21,'54.75','2020-12-09',33,20),(218,'16671230573',20,'10.27','2020-10-14',66,5),(219,'16850902136',22,'41.09','2019-12-23',21,21),(220,'16560527698',14,'64.27','2019-03-30',76,24);
INSERT INTO components([id],[serialnumber],[model],[price],[manufacturing],[order_id],[descriptions_id]) VALUES(221,'16340408636',13,'43.90','2019-10-17',38,5),(222,'16751126843',4,'59.90','2019-11-29',34,12),(223,'16010316849',3,'71.59','2020-06-25',3,6),(224,'16891215356',8,'16.08','2020-06-06',60,24),(225,'16510914836',1,'55.67','2019-03-21',86,25),(226,'16440303305',7,'60.63','2021-01-05',17,20),(227,'16350627411',16,'74.00','2020-08-20',80,25),(228,'16860101301',16,'39.15','2020-02-16',42,7),(229,'16031101150',16,'68.13','2020-03-18',48,9),(230,'16950926224',18,'58.33','2020-02-01',10,8);
INSERT INTO components([id],[serialnumber],[model],[price],[manufacturing],[order_id],[descriptions_id]) VALUES(231,'16490225680',17,'40.13','2019-02-20',77,9),(232,'16471001127',3,'13.52','2019-06-30',73,18),(233,'16150504174',12,'40.96','2019-12-09',53,13),(234,'16561206686',4,'11.16','2020-03-29',41,25),(235,'16020228894',22,'38.77','2019-03-31',15,15),(236,'16940519801',7,'60.57','2019-03-04',66,25),(237,'16320609311',10,'55.27','2019-03-05',70,14),(238,'16431117033',17,'83.14','2020-09-05',39,18),(239,'16771022313',21,'25.09','2020-09-30',24,10),(240,'16061115892',5,'17.00','2019-08-31',19,9);
INSERT INTO components([id],[serialnumber],[model],[price],[manufacturing],[order_id],[descriptions_id]) VALUES(241,'16430115156',18,'25.44','2020-04-08',46,25),(242,'16671003504',9,'19.68','2020-12-17',52,20),(243,'16030126367',15,'66.81','2021-01-17',65,16),(244,'16350325246',17,'48.60','2019-08-02',78,7),(245,'16651010680',2,'82.72','2019-05-29',15,7),(246,'16510219964',4,'41.03','2020-05-15',27,25),(247,'16601029185',11,'24.78','2020-01-10',14,25),(248,'16290415830',2,'87.93','2019-06-10',83,16),(249,'16271104105',22,'21.94','2020-04-17',60,6),(250,'16280612020',17,'76.52','2020-12-16',53,8);

-- insert 150 benefit
INSERT INTO benefit([id],[customer_id],[promotion_id]) VALUES(1,93,1),(2,23,3),(3,41,2),(4,94,1),(5,30,5),(6,51,1),(7,46,4),(8,45,6),(9,83,5),(10,82,1);
INSERT INTO benefit([id],[customer_id],[promotion_id]) VALUES(11,40,1),(12,30,3),(13,67,2),(14,4,5),(15,11,5),(16,14,3),(17,46,1),(18,50,7),(19,93,4),(20,79,7);
INSERT INTO benefit([id],[customer_id],[promotion_id]) VALUES(21,47,5),(22,5,5),(23,11,7),(24,73,5),(25,47,1),(26,35,3),(27,57,1),(28,60,2),(29,71,1),(30,83,6);
INSERT INTO benefit([id],[customer_id],[promotion_id]) VALUES(31,54,2),(32,97,3),(33,64,5),(34,16,5),(35,77,5),(36,71,7),(37,39,6),(38,91,5),(39,1,6),(40,93,5);
INSERT INTO benefit([id],[customer_id],[promotion_id]) VALUES(41,78,2),(42,8,3),(43,48,4),(44,86,4),(45,68,1),(46,35,3),(47,9,5),(48,85,4),(49,74,7),(50,100,4);
INSERT INTO benefit([id],[customer_id],[promotion_id]) VALUES(51,37,5),(52,16,5),(53,70,2),(54,23,6),(55,1,2),(56,100,4),(57,39,3),(58,15,6),(59,12,5),(60,54,4);
INSERT INTO benefit([id],[customer_id],[promotion_id]) VALUES(61,92,6),(62,36,6),(63,89,7),(64,76,6),(65,89,2),(66,81,1),(67,29,7),(68,10,2),(69,42,6),(70,64,4);
INSERT INTO benefit([id],[customer_id],[promotion_id]) VALUES(71,70,6),(72,39,7),(73,11,3),(74,99,4),(75,41,7),(76,47,2),(77,100,3),(78,88,1),(79,84,5),(80,19,1);
INSERT INTO benefit([id],[customer_id],[promotion_id]) VALUES(81,64,7),(82,92,7),(83,89,4),(84,88,5),(85,34,1),(86,49,2),(87,66,7),(88,13,5),(89,82,2),(90,30,1);
INSERT INTO benefit([id],[customer_id],[promotion_id]) VALUES(91,64,5),(92,79,3),(93,86,2),(94,52,7),(95,2,1),(96,100,5),(97,97,2),(98,38,3),(99,35,1),(100,2,7);
INSERT INTO benefit([id],[customer_id],[promotion_id]) VALUES(101,44,6),(102,74,2),(103,19,1),(104,87,4),(105,15,4),(106,52,4),(107,36,7),(108,39,7),(109,4,5),(110,17,1);
INSERT INTO benefit([id],[customer_id],[promotion_id]) VALUES(111,24,2),(112,10,6),(113,33,7),(114,90,1),(115,68,6),(116,20,3),(117,36,7),(118,62,4),(119,78,4),(120,83,3);
INSERT INTO benefit([id],[customer_id],[promotion_id]) VALUES(121,81,4),(122,40,4),(123,86,5),(124,53,3),(125,90,1),(126,39,3),(127,48,6),(128,6,5),(129,44,6),(130,100,1);
INSERT INTO benefit([id],[customer_id],[promotion_id]) VALUES(131,55,4),(132,21,1),(133,16,1),(134,82,1),(135,87,7),(136,46,5),(137,17,2),(138,50,3),(139,24,5),(140,48,6);
INSERT INTO benefit([id],[customer_id],[promotion_id]) VALUES(141,25,7),(142,25,7),(143,67,3),(144,57,1),(145,46,4),(146,88,1),(147,96,2),(148,31,5),(149,95,4),(150,62,1);

-- insert 290 emails
INSERT INTO emails([id],[content],[registration],[customers_id]) VALUES(1,'Curabitur.consequat@ultriciessem.net','2019-04-25',90),(2,'non.massa@scelerisquelorem.edu','2020-04-29',36),(3,'erat@tincidunt.net','2020-02-08',33),(4,'leo.in.lobortis@amet.edu','2020-09-27',47),(5,'lobortis@scelerisque.org','2021-01-03',8),(6,'Integer@Vestibulumanteipsum.org','2020-07-07',7),(7,'vulputate.lacus@Quisque.org','2020-05-01',83),(8,'est.mauris@magnisdisparturient.com','2020-05-17',26),(9,'magna.sed.dui@tortorInteger.edu','2019-07-01',21),(10,'augue.scelerisque@risusDonec.ca','2020-05-04',5);
INSERT INTO emails([id],[content],[registration],[customers_id]) VALUES(11,'dui.in.sodales@luctusfelis.ca','2019-12-15',71),(12,'pharetra.Quisque.ac@facilisis.net','2020-11-26',21),(13,'ante.Maecenas@iaculis.net','2019-05-13',81),(14,'scelerisque.neque@euturpisNulla.ca','2020-03-28',28),(15,'neque.sed.dictum@dapibusid.co.uk','2020-01-23',28),(16,'nunc.sed@Aliquamtinciduntnunc.org','2020-04-20',95),(17,'Donec.tincidunt.Donec@InfaucibusMorbi.edu','2020-05-23',18),(18,'dolor@euismodestarcu.com','2019-06-24',23),(19,'est.ac@etlacinia.ca','2020-09-13',1),(20,'Lorem@tincidunt.com','2020-10-19',3);
INSERT INTO emails([id],[content],[registration],[customers_id]) VALUES(21,'Sed@aliquet.ca','2020-07-29',16),(22,'vitae.sodales@sedpede.org','2019-06-04',89),(23,'pede.Suspendisse.dui@porttitorinterdumSed.ca','2019-11-20',6),(24,'luctus.felis.purus@ligula.edu','2020-06-01',81),(25,'vel.venenatis.vel@acfermentum.ca','2019-05-04',6),(26,'eu.erat@lacusQuisquepurus.co.uk','2020-10-17',94),(27,'magna.nec.quam@neque.co.uk','2019-06-23',27),(28,'vitae@Donecnibhenim.co.uk','2020-10-07',64),(29,'Pellentesque.habitant.morbi@natoque.org','2020-06-09',7),(30,'mi@necluctusfelis.edu','2020-09-05',40);
INSERT INTO emails([id],[content],[registration],[customers_id]) VALUES(31,'Nam@famesac.org','2019-04-06',57),(32,'Morbi@porttitorinterdumSed.net','2020-09-23',22),(33,'consectetuer.rhoncus.Nullam@nostraperinceptos.com','2020-02-19',44),(34,'ante@Nullaeuneque.ca','2020-02-13',39),(35,'fermentum.vel@nibhenimgravida.edu','2019-02-28',73),(36,'ac.mattis.semper@egestas.com','2020-03-30',31),(37,'Fusce.diam.nunc@elementumduiquis.edu','2020-02-23',23),(38,'pharetra.felis.eget@luctus.co.uk','2020-09-07',14),(39,'ullamcorper.Duis.cursus@atpretiumaliquet.edu','2019-03-11',93),(40,'egestas.Sed@iaculisenimsit.ca','2020-05-04',66);
INSERT INTO emails([id],[content],[registration],[customers_id]) VALUES(41,'nec.metus@afacilisisnon.edu','2019-12-09',88),(42,'lacinia.Sed.congue@egestas.org','2020-04-14',60),(43,'non.dapibus.rutrum@arcuVestibulumante.edu','2019-04-25',16),(44,'ridiculus.mus.Aenean@mauris.net','2020-07-14',75),(45,'ac.arcu.Nunc@tellusjustosit.net','2020-05-04',43),(46,'ultrices@ipsum.ca','2019-05-27',2),(47,'porttitor.tellus@liberoet.co.uk','2020-07-07',53),(48,'feugiat.tellus@Proin.org','2020-08-03',49),(49,'in.tempus.eu@fermentumrisus.edu','2020-12-24',100),(50,'pellentesque.eget@tinciduntorci.edu','2019-05-04',5);
INSERT INTO emails([id],[content],[registration],[customers_id]) VALUES(51,'arcu.eu@porttitor.net','2020-08-04',83),(52,'Donec.porttitor.tellus@nibhenim.ca','2020-09-25',15),(53,'imperdiet@eleifendnunc.co.uk','2020-07-24',37),(54,'eu.tellus@acsem.ca','2020-06-06',73),(55,'est@massaMauris.org','2019-11-11',8),(56,'a.auctor@erat.co.uk','2020-08-18',18),(57,'justo.eu.arcu@sem.com','2020-03-23',57),(58,'purus@Proin.ca','2020-05-16',68),(59,'eu.odio.Phasellus@accumsanneque.com','2019-02-26',55),(60,'ornare@ultricies.co.uk','2020-12-22',31);
INSERT INTO emails([id],[content],[registration],[customers_id]) VALUES(61,'est.Nunc.laoreet@acsem.edu','2020-05-27',58),(62,'Nulla.eu@natoquepenatibuset.org','2020-09-17',100),(63,'nonummy.ut.molestie@accumsanlaoreet.co.uk','2020-04-20',56),(64,'Donec@cursusin.net','2019-03-03',87),(65,'sem@orci.net','2020-08-30',96),(66,'sociis.natoque.penatibus@Aenean.edu','2020-03-02',56),(67,'sodales@pellentesque.com','2019-03-21',82),(68,'at.pede.Cras@nonjustoProin.com','2019-04-01',22),(69,'odio.auctor@interdum.ca','2020-06-05',24),(70,'bibendum.sed.est@Proinnonmassa.net','2019-10-15',62);
INSERT INTO emails([id],[content],[registration],[customers_id]) VALUES(71,'massa.Quisque.porttitor@placerat.org','2020-03-30',59),(72,'Proin@lorem.com','2020-11-28',100),(73,'velit.eu.sem@Nullamscelerisque.ca','2019-10-16',18),(74,'magna.Phasellus.dolor@idsapienCras.org','2020-11-19',76),(75,'egestas.nunc@morbitristique.co.uk','2019-07-29',23),(76,'leo.Morbi.neque@aauctor.ca','2019-10-02',78),(77,'amet.risus.Donec@necmetusfacilisis.com','2020-12-25',36),(78,'Aliquam@quis.co.uk','2019-09-03',42),(79,'Fusce@natoque.net','2019-07-06',99),(80,'Curae@ornare.ca','2019-09-09',1);
INSERT INTO emails([id],[content],[registration],[customers_id]) VALUES(81,'blandit.viverra.Donec@elementumdui.org','2019-12-09',99),(82,'nibh.Phasellus.nulla@cursuspurus.org','2020-07-16',44),(83,'scelerisque@Quisqueporttitor.co.uk','2020-07-31',44),(84,'arcu.Vestibulum@enimCurabitur.net','2019-07-03',61),(85,'mollis.Duis@et.net','2019-05-07',4),(86,'nec@vulputatemaurissagittis.net','2019-12-13',64),(87,'dignissim.Maecenas@sapien.net','2019-06-19',83),(88,'in@eratvitaerisus.ca','2019-11-22',8),(89,'mattis@quamelementum.com','2019-05-01',12),(90,'purus@at.edu','2019-11-14',26);
INSERT INTO emails([id],[content],[registration],[customers_id]) VALUES(91,'non.feugiat@erat.edu','2020-11-20',34),(92,'ullamcorper.magna.Sed@bibendumsed.co.uk','2020-06-16',73),(93,'sollicitudin.orci.sem@magnatellus.net','2020-07-16',8),(94,'turpis@Namnulla.net','2020-10-09',80),(95,'Nullam.scelerisque.neque@Fusce.com','2021-01-16',46),(96,'luctus@nonjustoProin.com','2021-01-11',27),(97,'ultrices@semmagna.org','2019-06-25',82),(98,'dis.parturient.montes@convallisest.edu','2020-07-10',71),(99,'et@nequevenenatislacus.org','2020-08-25',7),(100,'vitae.erat@sagittislobortismauris.co.uk','2019-09-05',9);
INSERT INTO emails([id],[content],[registration],[customers_id]) VALUES(101,'quam@commodo.ca','2019-10-26',1),(102,'fringilla.purus.mauris@sagittisDuisgravida.org','2020-07-10',9),(103,'vitae@vitaepurusgravida.com','2019-03-25',19),(104,'non.sollicitudin.a@ametultriciessem.net','2020-11-02',25),(105,'et@malesuadafringilla.com','2020-08-01',34),(106,'Sed.eu.nibh@congueturpisIn.net','2019-09-26',42),(107,'nisi.Mauris@atliberoMorbi.com','2020-03-27',73),(108,'odio.Phasellus.at@Phasellusdapibusquam.co.uk','2020-10-22',28),(109,'nostra.per.inceptos@parturient.org','2019-05-21',93),(110,'nunc.nulla.vulputate@euismod.edu','2019-03-05',56);
INSERT INTO emails([id],[content],[registration],[customers_id]) VALUES(111,'eget@Integer.ca','2019-05-15',68),(112,'semper.pretium.neque@nullaIn.net','2020-12-02',31),(113,'semper.et@velarcu.co.uk','2020-01-27',27),(114,'est.arcu.ac@Morbi.org','2019-12-30',65),(115,'lacus.Etiam@luctusfelis.edu','2019-07-19',66),(116,'non.egestas@tinciduntnequevitae.edu','2019-11-09',34),(117,'sed@eleifendnondapibus.co.uk','2019-03-08',57),(118,'ultrices@malesuada.com','2020-03-24',63),(119,'primis.in.faucibus@tempus.com','2019-10-15',68),(120,'lectus@Nulladignissim.org','2019-01-25',85);
INSERT INTO emails([id],[content],[registration],[customers_id]) VALUES(121,'mauris@odioAliquamvulputate.co.uk','2019-04-01',29),(122,'mattis.Cras.eget@placeratCrasdictum.org','2020-04-24',78),(123,'ligula@luctus.net','2020-04-21',49),(124,'scelerisque.neque@molestie.org','2020-03-05',18),(125,'enim.Nunc@Donecporttitortellus.com','2020-03-03',24),(126,'at@quisdiam.co.uk','2019-03-07',43),(127,'et@magna.edu','2019-10-15',40),(128,'Integer.urna.Vivamus@sollicitudin.org','2019-12-31',46),(129,'id.nunc@duiquisaccumsan.co.uk','2019-09-11',84),(130,'erat@diamDuis.edu','2019-04-12',27);
INSERT INTO emails([id],[content],[registration],[customers_id]) VALUES(131,'ac.arcu@Nullafacilisi.co.uk','2020-02-11',22),(132,'Duis.risus.odio@aliquam.org','2020-07-04',58),(133,'Aenean.gravida.nunc@gravidasagittis.net','2019-12-30',33),(134,'molestie.arcu.Sed@libero.net','2020-12-17',28),(135,'ultricies@sociis.org','2020-04-10',32),(136,'Sed.eu.nibh@duinectempus.net','2019-09-15',42),(137,'sodales.purus.in@eu.org','2019-04-05',37),(138,'Curabitur.massa.Vestibulum@egetmagnaSuspendisse.net','2020-03-20',16),(139,'Donec@neque.ca','2019-12-11',25),(140,'gravida.Praesent@mi.edu','2019-08-31',45);
INSERT INTO emails([id],[content],[registration],[customers_id]) VALUES(141,'facilisis.vitae.orci@blanditviverraDonec.com','2020-10-21',13),(142,'commodo.hendrerit.Donec@dictumeu.net','2019-11-11',7),(143,'in.hendrerit.consectetuer@semutdolor.edu','2019-05-18',7),(144,'ullamcorper@egetlacus.edu','2021-01-14',30),(145,'Cum.sociis.natoque@pretium.co.uk','2019-04-26',60),(146,'adipiscing.lobortis.risus@facilisis.org','2020-06-03',93),(147,'montes.nascetur.ridiculus@et.net','2019-10-22',72),(148,'mauris@cursusaenim.co.uk','2020-01-13',5),(149,'ac@orciadipiscing.co.uk','2019-03-05',99),(150,'Pellentesque@leo.ca','2019-12-26',11);
INSERT INTO emails([id],[content],[registration],[customers_id]) VALUES(151,'primis.in@aliquameu.org','2019-09-11',80),(152,'dapibus@adipiscing.edu','2020-01-16',80),(153,'sem.molestie.sodales@mattissemperdui.net','2020-07-26',47),(154,'pede.malesuada@nonsapien.org','2019-10-13',21),(155,'felis@eteuismodet.com','2020-02-21',42),(156,'nec@ullamcorper.co.uk','2021-01-08',91),(157,'eros@convallisligula.edu','2020-07-04',20),(158,'dui@Proinnon.net','2019-11-05',65),(159,'magna@ametante.net','2020-02-18',100),(160,'ipsum.primis@penatibusetmagnis.org','2019-08-06',92);
INSERT INTO emails([id],[content],[registration],[customers_id]) VALUES(161,'in.dolor@accumsansedfacilisis.co.uk','2020-07-05',55),(162,'amet@vulputatemauris.co.uk','2020-04-04',15),(163,'mauris.rhoncus.id@orcilobortisaugue.com','2020-05-12',85),(164,'magnis.dis@aliquetvel.co.uk','2019-05-03',3),(165,'egestas@velpede.co.uk','2019-11-20',54),(166,'et@ametdapibus.com','2019-04-04',8),(167,'arcu.imperdiet.ullamcorper@dolorsit.net','2019-08-16',12),(168,'Integer@Duismienim.edu','2019-03-26',49),(169,'felis.Nulla@nuncnullavulputate.ca','2020-11-23',59),(170,'at@dignissim.org','2020-10-09',23);
INSERT INTO emails([id],[content],[registration],[customers_id]) VALUES(171,'amet.lorem.semper@habitant.net','2020-02-19',42),(172,'metus.Aenean@sitametconsectetuer.net','2020-08-13',10),(173,'eu.turpis.Nulla@sapienAenean.ca','2020-03-22',85),(174,'Proin@feugiat.co.uk','2020-06-20',92),(175,'Integer@ornarelectusjusto.org','2019-03-02',51),(176,'Vivamus.non.lorem@Phasellus.org','2019-09-09',94),(177,'erat.Etiam.vestibulum@pede.ca','2020-11-22',87),(178,'dolor.dolor@nulla.org','2019-05-05',92),(179,'mi.enim@turpisegestas.ca','2020-02-10',25),(180,'sit@quamCurabiturvel.org','2019-06-30',35);
INSERT INTO emails([id],[content],[registration],[customers_id]) VALUES(181,'risus@sit.edu','2020-02-09',59),(182,'primis.in@eleifendegestasSed.net','2019-02-07',90),(183,'Proin.sed@gravidaAliquam.ca','2020-11-03',73),(184,'eros.nec@rhoncusProinnisl.co.uk','2019-03-06',36),(185,'Aliquam.vulputate@congueaaliquet.org','2020-10-31',90),(186,'habitant.morbi.tristique@iaculislacus.org','2019-04-28',97),(187,'diam.dictum.sapien@infaucibus.ca','2020-04-21',91),(188,'pellentesque.a@ullamcorper.ca','2020-01-10',78),(189,'nulla.Donec@natoquepenatibuset.edu','2020-04-15',67),(190,'tempor.augue.ac@placeratvelitQuisque.net','2019-06-26',8);
INSERT INTO emails([id],[content],[registration],[customers_id]) VALUES(191,'In.scelerisque@disparturient.org','2019-11-10',52),(192,'feugiat@sitametmetus.co.uk','2020-05-23',97),(193,'magna@anteMaecenas.ca','2019-12-08',94),(194,'eleifend@Phasellusdolor.org','2020-07-28',40),(195,'elementum@fermentumvel.ca','2019-01-31',69),(196,'sit@pede.edu','2019-02-05',56),(197,'ligula.Donec.luctus@sedtortor.ca','2020-06-22',21),(198,'lacinia@Cras.edu','2020-06-11',79),(199,'lectus.justo.eu@cursus.ca','2020-01-26',10),(200,'neque.sed@Cras.edu','2019-09-23',80);
INSERT INTO emails([id],[content],[registration],[customers_id]) VALUES(201,'egestas@sedorcilobortis.net','2019-10-21',16),(202,'at.pede.Cras@semut.org','2019-06-30',60),(203,'justo.Praesent.luctus@nascetur.net','2019-05-31',74),(204,'lacinia.orci@euarcu.edu','2019-10-11',30),(205,'nunc.risus@maurisSuspendisse.edu','2019-07-15',54),(206,'vel.turpis.Aliquam@lobortis.ca','2019-09-28',70),(207,'mi.lacinia.mattis@Seddictum.org','2020-07-29',49),(208,'quis@Donec.co.uk','2019-08-14',14),(209,'natoque@semNullainterdum.com','2020-02-23',64),(210,'accumsan.interdum@Nam.ca','2020-02-07',51);
INSERT INTO emails([id],[content],[registration],[customers_id]) VALUES(211,'In.lorem@Integervulputate.org','2019-04-30',85),(212,'ultrices.Vivamus.rhoncus@magnis.co.uk','2020-11-11',67),(213,'lacus.Aliquam@nuncQuisqueornare.org','2020-08-13',87),(214,'Cum.sociis.natoque@elementumat.net','2020-08-16',71),(215,'gravida.mauris@Nulla.net','2020-05-21',6),(216,'nibh.Donec.est@Aenean.co.uk','2020-02-24',68),(217,'lectus.Nullam@fermentumrisus.org','2020-09-09',72),(218,'ut.eros@pedeetrisus.com','2020-10-24',18),(219,'eget.dictum@magna.co.uk','2020-07-04',35),(220,'erat.Sed@pedeultricesa.net','2020-04-15',24);
INSERT INTO emails([id],[content],[registration],[customers_id]) VALUES(221,'Donec@sitamet.net','2020-01-29',43),(222,'luctus@sapien.edu','2019-12-27',93),(223,'mi.fringilla@Inmi.edu','2020-10-02',76),(224,'mollis.nec@tinciduntcongueturpis.edu','2019-08-13',87),(225,'sem@aenim.edu','2019-12-24',56),(226,'magnis.dis.parturient@vulputateeuodio.com','2019-11-04',86),(227,'nibh.Phasellus.nulla@rutrumFusce.co.uk','2020-07-22',34),(228,'purus.accumsan@tellus.co.uk','2020-03-30',33),(229,'nonummy.Fusce@risus.com','2019-09-22',87),(230,'eros@pedesagittisaugue.org','2019-06-19',8);
INSERT INTO emails([id],[content],[registration],[customers_id]) VALUES(231,'turpis@egetlaoreetposuere.net','2020-09-03',15),(232,'eget@lorem.edu','2019-03-20',4),(233,'viverra@imperdietdictum.org','2020-10-08',61),(234,'sit.amet.faucibus@sitametfaucibus.net','2020-07-17',60),(235,'odio.Aliquam.vulputate@odiosempercursus.net','2020-08-14',14),(236,'tincidunt@duisemper.net','2020-09-01',67),(237,'dolor.vitae.dolor@bibendumDonec.edu','2019-06-11',71),(238,'hendrerit.Donec@Phasellusfermentum.co.uk','2019-08-16',91),(239,'risus.at@Vivamusmolestie.edu','2019-02-04',69),(240,'Quisque.tincidunt@porttitortellusnon.net','2020-12-20',14);
INSERT INTO emails([id],[content],[registration],[customers_id]) VALUES(241,'tempus@vitae.net','2019-10-24',53),(242,'auctor.velit@metus.co.uk','2020-10-02',54),(243,'sapien@Nullamvelitdui.ca','2020-05-17',51),(244,'mi@duinec.net','2020-08-23',29),(245,'tempor@magnis.edu','2020-07-05',36),(246,'massa.Suspendisse.eleifend@congueelitsed.net','2019-03-19',2),(247,'mi@vestibulum.ca','2020-01-01',81),(248,'velit.Sed.malesuada@ipsum.org','2020-03-31',55),(249,'sit.amet@tincidunt.edu','2020-08-14',73),(250,'nascetur.ridiculus.mus@iaculisenim.net','2019-07-25',77);
INSERT INTO emails([id],[content],[registration],[customers_id]) VALUES(251,'libero.Proin@sagittis.co.uk','2020-11-14',93),(252,'per.conubia.nostra@condimentum.org','2019-07-03',83),(253,'fermentum@Uttincidunt.ca','2020-09-03',38),(254,'eget@molestie.ca','2020-07-29',49),(255,'amet@Sed.net','2020-06-11',12),(256,'et.euismod.et@Namacnulla.com','2019-10-25',36),(257,'nec@sollicitudinamalesuada.org','2020-11-05',83),(258,'tincidunt.adipiscing@pedenecante.net','2020-11-14',69),(259,'justo@aliquetmetusurna.ca','2019-05-20',3),(260,'luctus@Cumsociis.ca','2019-11-30',69);
INSERT INTO emails([id],[content],[registration],[customers_id]) VALUES(261,'odio.Etiam.ligula@malesuada.org','2019-10-07',93),(262,'Mauris.magna@Aenean.edu','2020-08-10',45),(263,'sociis.natoque@tristiquepellentesquetellus.org','2019-10-03',58),(264,'urna@facilisisSuspendissecommodo.net','2020-11-25',73),(265,'dui.nec@ultrices.com','2020-10-15',98),(266,'a.ultricies@pedeNunc.edu','2019-06-24',3),(267,'lectus.Nullam@nec.edu','2020-07-15',32),(268,'mi@enimnonnisi.co.uk','2019-11-09',52),(269,'sed.orci@mauriselitdictum.ca','2019-11-30',47),(270,'nonummy.ultricies.ornare@sitametante.net','2020-08-24',29);
INSERT INTO emails([id],[content],[registration],[customers_id]) VALUES(271,'augue@lectus.edu','2020-12-30',47),(272,'blandit.viverra@ipsumsodales.org','2019-08-20',59),(273,'enim.Suspendisse.aliquet@amet.org','2020-03-20',90),(274,'enim@semperegestasurna.net','2020-03-29',99),(275,'odio.Etiam.ligula@mauris.net','2020-12-25',37),(276,'lectus.quis@quisdiam.co.uk','2019-01-27',69),(277,'sem.molestie@molestiesodales.net','2019-06-01',58),(278,'tempus@arcu.co.uk','2020-06-30',24),(279,'blandit.at@vestibulumMauris.org','2019-11-21',49),(280,'magnis@consequat.net','2019-07-15',88);
INSERT INTO emails([id],[content],[registration],[customers_id]) VALUES(281,'ultrices@mattisornarelectus.net','2019-07-22',83),(282,'Mauris.vel.turpis@lectusante.org','2019-04-13',17),(283,'Sed@Aeneanegestashendrerit.co.uk','2020-10-13',79),(284,'enim.consequat@semNullainterdum.edu','2019-10-05',67),(285,'pharetra@Seddictum.net','2020-04-24',51),(286,'vitae.erat.vel@diamDuis.org','2020-05-01',10),(287,'natoque.penatibus.et@purus.net','2020-12-08',86),(288,'augue@vestibulumMauris.co.uk','2020-12-16',9),(289,'non.justo.Proin@Crasloremlorem.net','2019-10-11',68),(290,'Sed.eu.nibh@nostraperinceptos.com','2019-05-19',20);

-- insert 300 fairphones
INSERT INTO fairphones([id],[serialnumber],[model],[price],[manufacturing],[order_id],[descriptions_id],[promotions_id]) VALUES(1,'16360730321',3,'400.00','2019-10-11',27,1,4),(2,'16991106234',2,'400.00','2020-10-20',19,3,4),(3,'16890521365',2,'400.00','2020-08-12',42,3,6),(4,'16280705513',1,'400.00','2019-08-18',6,2,4),(5,'16151005807',1,'400.00','2019-09-15',79,3,3),(6,'16811029091',1,'400.00','2020-07-29',3,3,5),(7,'16640823748',2,'400.00','2019-01-22',89,2,3),(8,'16920427716',3,'400.00','2020-11-21',74,3,1),(9,'16931017340',3,'400.00','2019-10-13',88,2,1),(10,'16970202436',2,'400.00','2020-07-19',80,2,7);
INSERT INTO fairphones([id],[serialnumber],[model],[price],[manufacturing],[order_id],[descriptions_id],[promotions_id]) VALUES(11,'16770309445',2,'400.00','2020-07-17',62,2,5),(12,'16230716713',1,'400.00','2020-10-06',70,3,3),(13,'16820714343',1,'400.00','2019-05-11',15,1,1),(14,'16110413783',2,'400.00','2019-08-12',11,1,3),(15,'16800419544',1,'400.00','2019-06-07',61,1,4),(16,'16230722183',3,'400.00','2019-04-24',28,1,2),(17,'16210528920',1,'400.00','2019-11-18',51,3,6),(18,'16860808539',3,'400.00','2020-07-08',42,2,4),(19,'16880501468',2,'400.00','2019-11-10',59,1,7),(20,'16390220518',1,'400.00','2019-03-12',74,2,5);
INSERT INTO fairphones([id],[serialnumber],[model],[price],[manufacturing],[order_id],[descriptions_id],[promotions_id]) VALUES(21,'16610702299',2,'400.00','2019-05-22',21,1,2),(22,'16070426242',2,'400.00','2019-11-05',74,1,1),(23,'16300411470',1,'400.00','2019-12-06',42,1,4),(24,'16230912625',1,'400.00','2019-09-02',54,3,1),(25,'16080607618',1,'400.00','2020-06-07',35,3,1),(26,'16480117873',1,'400.00','2020-07-01',33,3,1),(27,'16370509794',3,'400.00','2019-02-06',49,2,3),(28,'16470129812',3,'400.00','2019-11-10',52,2,6),(29,'16080321791',3,'400.00','2019-08-06',86,3,5),(30,'16621223441',2,'400.00','2019-02-04',16,1,1);
INSERT INTO fairphones([id],[serialnumber],[model],[price],[manufacturing],[order_id],[descriptions_id],[promotions_id]) VALUES(31,'16790101212',3,'400.00','2019-06-19',81,1,1),(32,'16590101195',3,'400.00','2020-09-11',8,2,2),(33,'16830311256',1,'400.00','2019-01-29',87,2,1),(34,'16320717134',2,'400.00','2020-04-18',14,3,3),(35,'16870822273',2,'400.00','2019-05-13',10,3,6),(36,'16510617966',2,'400.00','2019-03-11',65,3,4),(37,'16201028382',3,'400.00','2019-09-22',3,1,4),(38,'16170604571',1,'400.00','2020-04-23',55,2,4),(39,'16790314933',3,'400.00','2019-11-15',29,2,1),(40,'16360702899',1,'400.00','2019-10-27',4,3,6);
INSERT INTO fairphones([id],[serialnumber],[model],[price],[manufacturing],[order_id],[descriptions_id],[promotions_id]) VALUES(41,'16131016096',2,'400.00','2019-01-29',69,1,4),(42,'16391125404',2,'400.00','2021-01-11',68,2,5),(43,'16491211461',1,'400.00','2021-01-18',3,1,6),(44,'16600616617',2,'400.00','2019-11-20',35,2,1),(45,'16880710317',2,'400.00','2020-01-09',54,2,5),(46,'16140425995',3,'400.00','2019-06-17',45,1,4),(47,'16000527612',1,'400.00','2020-08-08',69,2,6),(48,'16070110604',2,'400.00','2020-10-18',53,1,2),(49,'16531014811',2,'400.00','2019-03-02',31,3,1),(50,'16250515580',1,'400.00','2020-01-24',59,2,5);
INSERT INTO fairphones([id],[serialnumber],[model],[price],[manufacturing],[order_id],[descriptions_id],[promotions_id]) VALUES(51,'16091114976',3,'400.00','2019-04-13',37,3,7),(52,'16680930782',3,'400.00','2020-03-19',44,1,3),(53,'16180529821',1,'400.00','2019-05-17',68,1,6),(54,'16600515178',1,'400.00','2020-02-14',15,3,7),(55,'16730415080',3,'400.00','2019-11-21',81,2,1),(56,'16780220290',3,'400.00','2020-04-28',64,3,1),(57,'16880201746',2,'400.00','2020-05-22',84,1,1),(58,'16140219795',1,'400.00','2020-06-20',83,1,3),(59,'16950829551',2,'400.00','2019-04-18',9,2,4),(60,'16960925076',2,'400.00','2019-02-10',30,2,1);
INSERT INTO fairphones([id],[serialnumber],[model],[price],[manufacturing],[order_id],[descriptions_id],[promotions_id]) VALUES(61,'16871030008',2,'400.00','2020-07-30',32,3,3),(62,'16250626371',2,'400.00','2019-08-21',59,2,5),(63,'16580901573',1,'400.00','2019-02-23',18,2,2),(64,'16120712110',3,'400.00','2019-03-12',6,2,4),(65,'16310929238',2,'400.00','2020-12-19',31,2,6),(66,'16080325957',3,'400.00','2020-06-23',30,3,7),(67,'16580401734',3,'400.00','2019-08-08',49,3,5),(68,'16080513850',3,'400.00','2019-02-13',71,2,2),(69,'16570428769',3,'400.00','2020-07-05',60,3,6),(70,'16970318829',1,'400.00','2020-02-04',48,1,5);
INSERT INTO fairphones([id],[serialnumber],[model],[price],[manufacturing],[order_id],[descriptions_id],[promotions_id]) VALUES(71,'16300529988',2,'400.00','2019-05-01',41,2,7),(72,'16530609700',3,'400.00','2019-04-30',32,3,2),(73,'16800109124',2,'400.00','2019-02-23',60,2,3),(74,'16100222202',3,'400.00','2019-06-20',57,3,2),(75,'16001014069',2,'400.00','2020-03-19',72,2,7),(76,'16981026294',1,'400.00','2019-08-08',34,3,3),(77,'16920125305',1,'400.00','2020-02-27',78,1,2),(78,'16790724244',2,'400.00','2019-12-12',66,1,3),(79,'16761103449',2,'400.00','2019-06-17',67,3,2),(80,'16031030839',2,'400.00','2019-06-23',10,3,3);
INSERT INTO fairphones([id],[serialnumber],[model],[price],[manufacturing],[order_id],[descriptions_id],[promotions_id]) VALUES(81,'16120504639',3,'400.00','2020-07-12',46,1,5),(82,'16040807078',2,'400.00','2020-02-24',25,1,1),(83,'16320319429',3,'400.00','2020-09-08',49,1,7),(84,'16181226600',1,'400.00','2020-06-25',14,1,2),(85,'16730321216',2,'400.00','2020-06-06',53,3,5),(86,'16300703497',3,'400.00','2019-06-16',47,3,4),(87,'16290514185',2,'400.00','2020-09-10',40,1,4),(88,'16710114456',2,'400.00','2021-01-09',31,1,1),(89,'16890424269',3,'400.00','2019-09-01',66,3,4),(90,'16400622160',2,'400.00','2020-03-25',34,2,2);
INSERT INTO fairphones([id],[serialnumber],[model],[price],[manufacturing],[order_id],[descriptions_id],[promotions_id]) VALUES(91,'16850528453',2,'400.00','2019-02-18',7,1,5),(92,'16420126784',3,'400.00','2020-12-13',10,3,3),(93,'16150427487',2,'400.00','2019-02-03',68,2,5),(94,'16320326361',3,'400.00','2020-05-31',66,2,2),(95,'16110505537',1,'400.00','2019-12-07',74,2,4),(96,'16040713340',3,'400.00','2019-12-04',24,1,7),(97,'16380312667',1,'400.00','2019-10-29',78,2,2),(98,'16550819108',3,'400.00','2019-09-26',32,1,1),(99,'16880423532',3,'400.00','2019-01-24',5,2,3),(100,'16671101820',2,'400.00','2019-05-04',22,2,5);
INSERT INTO fairphones([id],[serialnumber],[model],[price],[manufacturing],[order_id],[descriptions_id],[promotions_id]) VALUES(101,'16960915606',1,'400.00','2011-10-21',57,1,1),(102,'16420406384',3,'400.00','2019-08-23',3,1,7),(103,'16730222508',2,'400.00','2016-06-30',49,2,5),(104,'16960413152',3,'400.00','2010-05-21',40,2,3),(105,'16351201271',3,'400.00','2011-01-01',6,2,4),(106,'16510412662',1,'400.00','2020-12-08',68,1,1),(107,'16400730633',1,'400.00','2012-03-15',35,3,7),(108,'16140910059',2,'400.00','2010-09-02',42,2,5),(109,'16531016246',1,'400.00','2017-09-30',31,3,5),(110,'16000401219',3,'400.00','2019-01-03',29,2,1);
INSERT INTO fairphones([id],[serialnumber],[model],[price],[manufacturing],[order_id],[descriptions_id],[promotions_id]) VALUES(111,'16051107198',2,'400.00','2013-08-26',75,2,5),(112,'16851030131',1,'400.00','2016-08-31',1,2,1),(113,'16741118947',3,'400.00','2014-12-09',30,1,2),(114,'16890821399',2,'400.00','2020-06-30',8,1,6),(115,'16230303318',1,'400.00','2020-10-04',51,3,2),(116,'16520329011',1,'400.00','2013-03-12',35,1,2),(117,'16280611490',1,'400.00','2010-01-29',16,3,3),(118,'16400830045',1,'400.00','2010-08-23',11,1,2),(119,'16840822535',3,'400.00','2018-12-28',17,3,2),(120,'16800112229',2,'400.00','2020-02-01',69,1,4);
INSERT INTO fairphones([id],[serialnumber],[model],[price],[manufacturing],[order_id],[descriptions_id],[promotions_id]) VALUES(121,'16620218243',2,'400.00','2010-08-15',65,3,1),(122,'16070823285',1,'400.00','2011-03-05',86,1,6),(123,'16780926929',3,'400.00','2010-05-18',5,2,7),(124,'16810417214',1,'400.00','2012-12-18',74,3,4),(125,'16301127257',3,'400.00','2010-01-25',41,3,1),(126,'16290117254',3,'400.00','2020-05-20',81,1,1),(127,'16090705331',2,'400.00','2010-04-12',71,3,7),(128,'16701123475',1,'400.00','2014-10-09',71,2,7),(129,'16400304138',2,'400.00','2015-02-02',12,2,1),(130,'16000528805',3,'400.00','2010-03-07',61,1,7);
INSERT INTO fairphones([id],[serialnumber],[model],[price],[manufacturing],[order_id],[descriptions_id],[promotions_id]) VALUES(131,'16410403642',3,'400.00','2016-11-21',4,1,5),(132,'16450314642',2,'400.00','2019-04-29',60,1,6),(133,'16860707617',2,'400.00','2012-04-11',49,2,5),(134,'16640224429',2,'400.00','2017-06-03',27,2,1),(135,'16060611809',1,'400.00','2019-02-07',72,1,2),(136,'16601024039',3,'400.00','2017-01-04',34,3,3),(137,'16430512847',1,'400.00','2019-06-08',4,2,4),(138,'16720106283',3,'400.00','2018-03-04',34,1,6),(139,'16480306464',3,'400.00','2018-11-30',26,1,6),(140,'16010623636',3,'400.00','2012-12-25',39,1,1);
INSERT INTO fairphones([id],[serialnumber],[model],[price],[manufacturing],[order_id],[descriptions_id],[promotions_id]) VALUES(141,'16790129257',2,'400.00','2020-03-01',18,3,2),(142,'16280904180',2,'400.00','2020-08-23',6,1,7),(143,'16460230768',1,'400.00','2017-09-23',3,1,7),(144,'16620621149',2,'400.00','2014-02-19',11,1,7),(145,'16330122730',1,'400.00','2010-12-31',62,1,2),(146,'16641016359',3,'400.00','2016-11-16',30,3,7),(147,'16921204336',2,'400.00','2014-12-30',90,1,3),(148,'16371021267',1,'400.00','2018-07-31',42,3,5),(149,'16970619665',2,'400.00','2013-07-18',9,2,3),(150,'16091115612',2,'400.00','2018-03-14',40,1,3);
INSERT INTO fairphones([id],[serialnumber],[model],[price],[manufacturing],[order_id],[descriptions_id],[promotions_id]) VALUES(151,'16580602664',2,'400.00','2019-12-20',44,2,3),(152,'16471229667',3,'400.00','2020-04-02',22,1,6),(153,'16460409955',1,'400.00','2018-08-25',7,1,2),(154,'16310416865',1,'400.00','2017-05-16',18,3,5),(155,'16520812908',3,'400.00','2020-08-18',78,2,2),(156,'16801014548',1,'400.00','2010-03-28',90,3,7),(157,'16901107465',2,'400.00','2011-06-16',24,2,5),(158,'16780427045',1,'400.00','2014-06-30',21,3,5),(159,'16350230507',2,'400.00','2017-02-26',70,3,2),(160,'16710921889',2,'400.00','2016-05-18',41,1,4);
INSERT INTO fairphones([id],[serialnumber],[model],[price],[manufacturing],[order_id],[descriptions_id],[promotions_id]) VALUES(161,'16581217513',1,'400.00','2013-08-30',20,3,3),(162,'16350421966',1,'400.00','2016-07-17',88,2,4),(163,'16070229204',1,'400.00','2016-11-08',72,1,3),(164,'16270730786',2,'400.00','2016-04-22',18,3,5),(165,'16780313095',2,'400.00','2013-07-17',86,1,5),(166,'16380905387',1,'400.00','2015-07-11',80,3,4),(167,'16190121803',1,'400.00','2019-01-12',46,3,6),(168,'16170316520',3,'400.00','2018-06-02',10,2,3),(169,'16351024274',2,'400.00','2011-08-04',71,3,3),(170,'16081026683',1,'400.00','2017-08-03',46,1,2);
INSERT INTO fairphones([id],[serialnumber],[model],[price],[manufacturing],[order_id],[descriptions_id],[promotions_id]) VALUES(171,'16780628555',1,'400.00','2014-01-07',6,3,4),(172,'16590720921',3,'400.00','2019-10-25',2,3,1),(173,'16720810348',1,'400.00','2015-06-27',56,2,6),(174,'16860502516',3,'400.00','2016-10-16',60,3,1),(175,'16451117048',1,'400.00','2012-12-11',14,1,1),(176,'16130209537',2,'400.00','2014-11-20',48,1,5),(177,'16330510619',3,'400.00','2018-09-05',37,3,4),(178,'16970726026',1,'400.00','2012-05-07',53,2,2),(179,'16660324163',1,'400.00','2017-12-06',43,3,5),(180,'16290623353',3,'400.00','2010-03-19',36,3,3);
INSERT INTO fairphones([id],[serialnumber],[model],[price],[manufacturing],[order_id],[descriptions_id],[promotions_id]) VALUES(181,'16580829573',1,'400.00','2010-09-21',58,2,3),(182,'16010309234',1,'400.00','2010-01-25',12,2,6),(183,'16460208373',3,'400.00','2013-04-28',23,1,4),(184,'16020709654',2,'400.00','2016-09-27',78,3,5),(185,'16160506081',2,'400.00','2012-05-30',51,3,4),(186,'16401121483',2,'400.00','2012-01-21',78,3,4),(187,'16760506770',1,'400.00','2015-08-18',70,1,6),(188,'16870206733',2,'400.00','2020-07-31',23,1,7),(189,'16930330921',3,'400.00','2017-07-28',41,1,4),(190,'16580902903',1,'400.00','2017-12-06',50,3,2);
INSERT INTO fairphones([id],[serialnumber],[model],[price],[manufacturing],[order_id],[descriptions_id],[promotions_id]) VALUES(191,'16400209991',2,'400.00','2015-08-04',30,2,7),(192,'16550804871',2,'400.00','2017-10-30',11,2,5),(193,'16090804753',1,'400.00','2017-07-08',38,3,1),(194,'16120225533',1,'400.00','2020-03-26',3,1,7),(195,'16600305114',1,'400.00','2020-08-01',46,1,5),(196,'16750618360',3,'400.00','2016-06-06',65,1,7),(197,'16910904798',2,'400.00','2015-06-08',18,2,2),(198,'16580304902',3,'400.00','2012-03-31',24,2,5),(199,'16760224227',2,'400.00','2015-12-22',48,2,2),(200,'16241021006',2,'400.00','2016-04-11',61,3,2);
INSERT INTO fairphones([id],[serialnumber],[model],[price],[manufacturing],[order_id],[descriptions_id],[promotions_id]) VALUES(201,'16580716069',2,'400.00','2015-01-27',90,2,6),(202,'16201025211',2,'400.00','2015-11-12',40,3,7),(203,'16150229315',1,'400.00','2017-08-13',75,1,4),(204,'16241101881',3,'400.00','2019-11-30',75,2,1),(205,'16540117700',1,'400.00','2020-09-17',46,2,4),(206,'16990627405',2,'400.00','2016-03-14',30,1,4),(207,'16650526602',3,'400.00','2015-04-27',33,2,4),(208,'16310624134',3,'400.00','2012-06-13',5,3,6),(209,'16070613902',2,'400.00','2010-10-27',90,2,1),(210,'16800222428',1,'400.00','2020-05-01',79,1,7);
INSERT INTO fairphones([id],[serialnumber],[model],[price],[manufacturing],[order_id],[descriptions_id],[promotions_id]) VALUES(211,'16930413711',1,'400.00','2018-01-01',76,1,4),(212,'16980526303',3,'400.00','2020-10-21',15,3,1),(213,'16190124194',3,'400.00','2010-07-27',19,1,7),(214,'16890303763',1,'400.00','2018-03-22',24,1,6),(215,'16201214233',1,'400.00','2017-10-08',87,2,3),(216,'16770605285',1,'400.00','2010-02-10',58,3,4),(217,'16580309480',1,'400.00','2021-01-18',56,2,1),(218,'16240518011',3,'400.00','2016-12-31',12,2,5),(219,'16160518092',2,'400.00','2018-09-30',60,1,5),(220,'16820418808',1,'400.00','2011-06-04',22,3,1);
INSERT INTO fairphones([id],[serialnumber],[model],[price],[manufacturing],[order_id],[descriptions_id],[promotions_id]) VALUES(221,'16050825076',2,'400.00','2012-05-11',65,3,2),(222,'16671113858',1,'400.00','2016-07-08',63,1,4),(223,'16370903329',3,'400.00','2012-01-02',73,1,5),(224,'16770115155',3,'400.00','2013-04-22',24,3,1),(225,'16860607241',3,'400.00','2019-07-10',77,1,4),(226,'16500701305',3,'400.00','2016-09-23',81,1,7),(227,'16981206227',1,'400.00','2017-04-30',69,3,7),(228,'16560813011',3,'400.00','2013-01-05',26,2,2),(229,'16730306852',1,'400.00','2018-07-14',54,1,7),(230,'16680827183',1,'400.00','2014-06-16',47,3,4);
INSERT INTO fairphones([id],[serialnumber],[model],[price],[manufacturing],[order_id],[descriptions_id],[promotions_id]) VALUES(231,'16151227077',1,'400.00','2011-05-31',73,1,6),(232,'16460301767',1,'400.00','2016-12-27',1,3,6),(233,'16470525743',2,'400.00','2011-05-25',51,2,5),(234,'16220914346',1,'400.00','2017-02-27',11,1,5),(235,'16030805755',2,'400.00','2018-04-28',71,3,4),(236,'16041102437',2,'400.00','2020-07-06',20,2,5),(237,'16570924279',1,'400.00','2010-09-25',63,1,2),(238,'16550914795',3,'400.00','2018-06-02',82,3,1),(239,'16890409402',2,'400.00','2016-06-25',9,1,4),(240,'16270328727',2,'400.00','2016-01-05',60,2,7);
INSERT INTO fairphones([id],[serialnumber],[model],[price],[manufacturing],[order_id],[descriptions_id],[promotions_id]) VALUES(241,'16320913887',3,'400.00','2013-11-21',83,1,3),(242,'16810809567',2,'400.00','2013-12-22',54,1,6),(243,'16161214394',1,'400.00','2011-03-29',24,3,5),(244,'16201112984',2,'400.00','2014-12-21',26,3,7),(245,'16071226665',2,'400.00','2020-02-23',81,1,5),(246,'16991001512',3,'400.00','2013-11-24',53,2,7),(247,'16380313514',2,'400.00','2011-10-02',25,1,3),(248,'16520703951',3,'400.00','2017-09-18',76,2,1),(249,'16210222452',3,'400.00','2018-10-07',34,1,6),(250,'16240605936',2,'400.00','2010-07-12',51,3,6);
INSERT INTO fairphones([id],[serialnumber],[model],[price],[manufacturing],[order_id],[descriptions_id],[promotions_id]) VALUES(251,'16500115307',2,'400.00','2010-04-19',30,2,1),(252,'16291119868',1,'400.00','2014-09-14',5,2,7),(253,'16610613961',3,'400.00','2011-10-27',81,1,5),(254,'16820901805',2,'400.00','2013-09-22',53,2,3),(255,'16430704609',2,'400.00','2019-05-16',35,3,5),(256,'16031026895',1,'400.00','2015-10-24',85,2,3),(257,'16350305110',2,'400.00','2011-05-07',63,1,4),(258,'16301001117',2,'400.00','2016-07-04',16,1,6),(259,'16120609593',3,'400.00','2015-05-13',18,1,6),(260,'16881209758',2,'400.00','2014-02-12',34,2,7);
INSERT INTO fairphones([id],[serialnumber],[model],[price],[manufacturing],[order_id],[descriptions_id],[promotions_id]) VALUES(261,'16830613676',3,'400.00','2010-03-29',17,2,2),(262,'16471022854',2,'400.00','2017-06-17',25,1,3),(263,'16720520347',1,'400.00','2017-06-03',8,2,3),(264,'16640316687',2,'400.00','2017-11-20',90,2,2),(265,'16031204352',1,'400.00','2011-09-15',10,3,5),(266,'16290222869',3,'400.00','2015-08-28',24,3,3),(267,'16230702428',3,'400.00','2017-05-28',74,3,3),(268,'16341112870',1,'400.00','2017-05-23',83,2,7),(269,'16301107197',3,'400.00','2011-01-14',15,1,5),(270,'16430713626',2,'400.00','2018-12-18',88,2,1);
INSERT INTO fairphones([id],[serialnumber],[model],[price],[manufacturing],[order_id],[descriptions_id],[promotions_id]) VALUES(271,'16030618038',2,'400.00','2012-03-23',66,2,5),(272,'16270717455',3,'400.00','2019-11-28',69,1,4),(273,'16811129008',3,'400.00','2016-02-22',5,2,7),(274,'16461024621',3,'400.00','2011-09-11',84,1,7),(275,'16490217940',2,'400.00','2015-03-28',25,1,6),(276,'16251110367',1,'400.00','2017-01-09',88,3,3),(277,'16490510161',1,'400.00','2015-01-03',2,2,5),(278,'16490409479',2,'400.00','2014-11-27',51,3,2),(279,'16530721137',2,'400.00','2012-01-01',71,3,5),(280,'16130613384',2,'400.00','2016-04-19',46,2,7);
INSERT INTO fairphones([id],[serialnumber],[model],[price],[manufacturing],[order_id],[descriptions_id],[promotions_id]) VALUES(281,'16740206383',3,'400.00','2013-02-28',32,1,1),(282,'16760905465',2,'400.00','2017-07-25',65,3,3),(283,'16330713734',1,'400.00','2018-01-24',27,1,5),(284,'16360510303',3,'400.00','2018-09-04',61,3,7),(285,'16760418946',2,'400.00','2015-01-19',38,3,4),(286,'16800903844',2,'400.00','2015-05-05',87,3,1),(287,'16020127116',1,'400.00','2020-10-06',13,2,1),(288,'16560714928',2,'400.00','2017-11-09',13,2,1),(289,'16610412778',1,'400.00','2015-12-07',59,3,4),(290,'16360602172',3,'400.00','2016-08-11',59,3,4);
INSERT INTO fairphones([id],[serialnumber],[model],[price],[manufacturing],[order_id],[descriptions_id],[promotions_id]) VALUES(291,'16350425770',3,'400.00','2018-06-27',79,3,4),(292,'16450605657',1,'400.00','2019-03-11',12,1,1),(293,'16770429085',2,'400.00','2010-01-20',67,3,3),(294,'16310429607',3,'400.00','2011-02-11',16,3,4),(295,'16160810889',1,'400.00','2020-02-04',13,2,3),(296,'16081228592',1,'400.00','2011-03-25',49,1,4),(297,'16561013545',1,'400.00','2020-08-28',88,2,2),(298,'16930102564',1,'400.00','2019-09-08',11,3,6),(299,'16211107816',1,'400.00','2019-05-18',23,2,5),(300,'16071010738',1,'400.00','2018-11-28',24,1,7);

-- There are 1259 records in total.
-- all the data of this script have been generated with www.generatedata.com